id_video,c1_form,c1_composition,c1_command,c1_description,c2_form,c2_composition,c2_command,c2_description,c3_form,c3_composition,c3_command,c3_description,c4_form,c4_composition,c4_command,c4_description,c5_form,c5_composition,c5_command,c5_description,c6_form,c6_composition,c6_command,c6_description,c7_form,c7_composition,c7_command,c7_description,c8_form,c8_composition,c8_command,c8_description,gender,country_origin,ocuppation,native_language,second_language,english_proficiency,computer_proficiency,previous_ucp_exp,exp_bitrix24,exp_zoom,exp_skype,exp_livestorm,exp_microsoft_teams,exp_gotomeeting,exp_lucid_meetings,exp_adobe_connect,exp_google_meet,exp_join_me,exp_teamviewer_meeting,exp_discord,previous_hg_exp
TC24201,Dynamic,1,Backhand up,"One hand, palm facing down, moving up-down (repeatedly)",Dynamic,1,Palm down,"One hand, palm facing down, moving up-down (repeatedly)",Static,1,Raised hand,"One hand, palm open, facing forward, raised upward (stationary)",Static,1,Raised hand,"One hand, palm open, facing forward, raised upward (stationary)",Dynamic,1,Block view,"One hand, palm facing forward, moving upward in a circular motion to the left (once)",Dynamic,1,Unblock view,"One hand, palm facing forward, moving upward in a circular motion to the right (once)",Static,1,Raised hand,"One hand, palm open, facing forward, raised upward (stationary)",Dynamic,1,Close lid,"One hand, open palm facing downward, moving downward",Female,Brazil,Commerce,Portuguese,,Beginner,Occasional user,0,False,True,False,False,False,False,False,False,False,False,False,False,True
TC24202,Dynamic,3,Point month + listen + palm up,"One hand, index finger extended, pointing at the mouth (repeatedly) + index finger pointing at the ear (repeatedly) + palm facing up, moving upward (repeatedly)",Dynamic,3,Point month + listen + palm down,"One hand, index finger extended, pointing at the mouth (repeatedly) + index finger pointing at the ear (repeatedly) + palm facing down, moving up-down (repeatedly)",Dynamic,2,Silence cue + throat slash,"One hand, index finger placed on lips (stationary) + palm open, moving horizontally across the throat, rightward (repeatedly)",Dynamic,2,Point month + hand release,"One hand, index finger extended, pointing at the mouth (repeatedly) + palm closed, facing outward, opening fingers outward",Dynamic,2,Eye point + hand grab,"One hand, index finger pointing at the eyes (repeatedly) + palm facing leftward, closing fist inward (once)",Dynamic,2,Eye point + hand release,"One hand, index finger pointing at the eyes (repeatedly) + palm closed, facing outward, opening fingers (once)",Static,1,Raised hand,"One hand, palm open, facing forward, raised upward (stationary)",Dynamic,1,Throat slash,"One hand, palm open, moving horizontally across the throat, rightward (once)",Female,Brazil,Business,Portuguese,,Intermediate,Advanced user,3,False,True,False,False,True,False,False,False,True,False,False,False,True
TC24203,Dynamic,2,Listen + palm up,"One hand, index finger point near ear (stationary) + palm facing up, moving upward (once)",Dynamic,2,Listen + backhand up,"One hand, hand near ear (stationary) + palm facing down, moving upward (once)",Dynamic,1,Hand grab,"One hand, palm facing leftward, closing fist inward (once)",Dynamic,2,Cover mouth + palm up,"One hand, palm open facing inward, covering the mouth (stationary) + palm facing up, moving upward (once)",Dynamic,1,Spread hands,"Two hands, palms open inwards, crossing each other, spreading outward to the sides (once)",Dynamic,1,Close curtains,"Two hands, palms facing inwards, moving towards each other, in front (once)",Static,1,Timeout,"Two hands, palms open, one hand horizontally placed over the other in vertical, forming a ""t"" shape (stationary)",Dynamic,2,Hand wave + block view,"One hand, palm facing forward, waving left-right (repeatedly) + one hand, arm outstretched, open palm facing forward, moving forward (once)",Female,Brazil,Business,Portuguese,,Beginner,Regular user,5,False,True,True,False,True,False,False,False,True,False,False,True,True
TC24204,Dynamic,1,Palm up,"One hand, palm facing up, moving up-down (repeatedly)",Dynamic,1,Palm down,"One hand, palm facing down, moving downward (once)",Dynamic,1,Spread hands,"Two hands, open palms facing down, crossing each other, spreading outward to the sides (repeatedly)",Static,1,Raised hand,"One hand, palm open, facing backdown, raised upward (stationary)",Dynamic,1,Raised hand,"One hand, open palm, facing forward, raised upwards, moving frontward and backward (repeatedly)",Static,1,Frame,"Two hands, thumbs and index fingers extended, forming a rectangular shape (stationary)",Static,1,Raised hand,"One hand, palm open, facing forward, raised upward (stationary)",Static,1,Cross hands/arms,"Two hands, hands/arms facing body, crossing in front, downward/inward",Female,Brazil,Finance,Portuguese,English,Advanced,Regular user,4,False,True,True,False,True,False,False,False,True,False,False,False,False
TC24205,Dynamic,1,Palm up,"One hand, palm facing up, moving up-down (repeatedly)",Dynamic,1,Palm down,"One hand, palm facing down, moving up-down (repeatedly)",Static,1,Silence cue,"One hand, index finger placed on lips (stationary)",Static,1,Index up,"One hand, index finger extended upward (stationary)",Dynamic,2,Unblock view + hand grab,"One hand, arm outstretched, palm facing forward, moving forward (once) + one hand, palm facing fronttward, closing fist inward (once)",Static,1,Thumbs up,"One hand, thumb finger extended upward (stationary)",Static,1,Raised hand,"One hand, palm open, facing forward, raised upward (stationary)",Dynamic,1,Hand wave,"One hand, palm facing forward, waving left-right (repeatedly)",Male,Brazil,IT,Portuguese,,Beginner,Regular user,2,False,True,False,False,False,False,False,False,True,False,False,True,False
TC24206,Dynamic,1,Index up,"One hand, index finger, pointing up, moving from bottom to top (repeatedly)",Dynamic,1,Index up,"One hand, index finger, pointing up, moving up-down (repeatedly)",Static,1,Silence cue,"One hand, index finger placed on lips (stationary)",Dynamic,1,Silence cue,"One hand, index finger placed on lips (repeatedly)",Dynamic,1,Hand grab,"One hand, palm facing forward, closing fist inward (once)",Dynamic,1,Hand release,"One hand, palm closed, facing outward, opening fingers outward (once)",Static,1,Raised hand,"One hand, palm open, facing forward, raised upward (stationary)",Dynamic,1,Hand wave,"One hand, palm facing forward, waving left-right (repeatedly)",Female,Brazil,IT,Portuguese,Spanish,Beginner,Regular user,4,False,True,True,False,False,False,False,False,True,False,False,True,True
TC24207,Dynamic,1,Open curtains,"Two hands, palms facing outward, moving away from each other, in front (once)",Dynamic,1,Hand swipe,"Two hands, palms open and facing outward, moving downward (once)",Dynamic,1,Hand grab,"One hand, palm facing forward, closing fist inward (once)",Dynamic,1,Hand release,"One hand, palm closed, facing frontward, opening the fingers in sequence (once)",Dynamic,1,Close curtains,"Two hands, index and middle fingers extended, pointing sideways, moving one above the other (once)",Dynamic,1,Open curtains,"Two hands, index and midde fingers extended, in the center, moving away from each other, to the sides (once)",Dynamic,1,Raised hand,"One hand, palm open, facing forward, raised upward (stationary)",Dynamic,2,Close curtains + clap hands,"Two hands, open palms facing inward, moving toward each other, toward the center, in front (once) + palms open and facing each other, moving toward each other and clapping (once)",Male,Brazil,Environment,Portuguese,,Beginner,Regular user,1,False,True,False,False,False,False,False,False,False,False,False,False,False
TC24208,Dynamic,1,Palm up,"One hand, palm facing up, moving up-down (once)",Dynamic,1,Palm down,"One hand, palm facing down, moving up-down (once)",Static,1,Cover mouth,"One hand, palm open facing inward, covering the mouth (stationary)",Dynamic,1,Uncover mouth,"One hand, palm touching the mouth, moving outward away from the mouth (once)",Static,1,Block face,"One hand, palm facing inward, in front of face (stationary)",Dynamic,1,Unblock face,"One hand, palm facing inwards, in front of face, moving outwards, turning the palm forward (stationary)",Static,1,Raised hand,"One hand, palm open, facing forward, raised upward (stationary)",Dynamic,1,Hand wave,"One hand, palm facing forward, waving left-right (repeatedly)",Female,Brazil,Environment,Portuguese,,Beginner,Regular user,3,False,True,True,False,False,False,False,False,True,False,False,True,True
TC24209,Dynamic,1,Palm up,"One hand, palm facing up, moving up-down (repeatedly)",Dynamic,1,Palm down,"One hand, palm facing down, moving up-down (once)",Static,1,Cross fingers,"Two hands, index fingers extended and crossing each other to form an ""x"" shape (stationary)",Dynamic,1,Uncover mouth,"One hand, palm touching the mouth, moving outward away from the mouth (once)",Dynamic,1,Hand swipe,"One hand, palm open, facing down, sliding to the left (once)",Dynamic,1,Hand swipe,"One hand, palm open, facing down, sliding to the right (repeatedly)",Static,1,Index up,"One hand, index finger extended upward (stationary)",Static,1,Cross hands/arms,"Two hands, hands/arms facing body, crossing in front, downward/inward",Female,Brazil,Education,Portuguese,,Beginner,Regular user,4,False,True,True,False,False,False,False,False,True,False,False,True,True
TC24210,Dynamic,1,Palm up,"One hand, palm facing up, moving up-down (once)",Dynamic,1,Palm down,"One hand, palm facing down, moving up-down (once)",Static,1,Hand grab,"One hand, palm facing forward, closing fist inward (once)",Dynamic,1,Hand release,"One hand, palm closed, facing outward, opening fingers outward (once)",Dynamic,1,Hand swipe,"One hand, palm open, facing down, sliding to the right (repeatedly)",Static,1,Thumbs up,"One hand, thumb finger extended upward (stationary)",Static,1,Index up,"One hand, index finger extended upward (stationary)",Dynamic,1,Spread hands,"Two hands, open palms facing down, crossing each other, spreading to the sides (once)",Male,Brazil,Student,Portuguese,,Beginner,Regular user,3,False,True,False,False,False,False,False,False,True,False,False,True,False
TC24211,Dynamic,1,Palm up,"One hand, palm facing up, moving up-down (repeatedly)",Dynamic,1,Raised hand,"Open palm, facing forward, raised upwards, moving frontward and backward (repeatedly)",Static,1,Cover mouth,"One hand, palm open facing inward, covering the mouth (stationary)",Static,1,Silence cue,"One hand, index finger placed on lips (stationary)",Dynamic,1,Block face,"One hand, palm facing inward, moving up-down, in front of face (repeatedly)",Static,1,Thumbs up,"One hand, thumb finger extended upward (stationary)",Static,1,Index up,"One hand, index finger extended upward (stationary)",Static,1,Hand wave,"Two hands, palms facing forward, waving left-right (repeatedly)",Female,Brazil,Commerce,Portuguese,,Intermediate,Occasional user,4,False,True,True,False,False,False,False,False,True,False,False,True,False
TC24212,Dynamic,1,Listen + unpinch,"One hand, index finger point near ear (stationary) + one hand, thumb and index fingers pinching together, slowly opening outwards (once)",Dynamic,1,Palm down,"Two hands, one palm facing upward, the other facing down and moving downward towards the up palm (once)",Dynamic,1,Index up,"One hand, index finger extended upward (stationary)",Dynamic,1,Index point palm,"Two hands, one palm open with all fingers extended and relaxed, the other hand with index finger extended, tapping on the open palm (once)",Dynamic,1,Index point camera,"One hand, index finger extended, pointing frontward (once)",Dynamic,1,Index point camera,"One hand, index finger extended, pointing frontward (repeatedly)",Static,1,Index up,"One hand, index finger extended upward (stationary)",Dynamic,1,Hand wave,"One hand, palm facing forward, waving left-right (repeatedly)",Female,Brazil,IT,Portuguese,,Beginner,Regular user,3,False,True,True,False,False,False,False,False,True,False,False,True,True
TC24213,Dynamic,1,Palm up,"One hand, palm facing up, moving up-down (repeatedly)",Dynamic,1,Palm down,"One hand, palm facing down, moving up-down (repeatedly)",Static,1,Raised hand,"One hand, palm open, facing forward, raised horizontally, in front (stationary)",Static,1,Cover mouth,"One hand, palm open facing frontward, in front of mouth (stationary)",Static,1,Timeout,"Two hands, palms open, one hand horizontally placed over the other in vertical, forming a ""t"" shape (stationary)",Static,1,Timeout,"Two hands, palms open, one hand horizontally placed over the other in vertical, forming a ""t"" shape (stationary)",Static,1,Index up,"One hand, index finger extended upward (stationary)",Static,1,Cross fingers,"Two hands, index fingers extended and crossing each other to form an ""x"" shape (stationary)",Male,Brazil,Education,Portuguese,English,Intermediate,Regular user,4,False,True,False,False,True,False,False,True,True,False,False,False,True
TC24214,Dynamic,1,Palm up,"One hand, palm facing up, moving up-down (once)",Dynamic,1,Palm down,"One hand, palm facing down, moving up-down (once)",Dynamic,2,Silence cue + hand release,"One hand, index finger placed on lips (stationary) + index finger, facing outwards, opening fingers outwards (once)",Dynamic,1,Hand release,"One hand, palm closed, facing outward, opening fingers outward (once)",Dynamic,1,Hand grab,"One hand, palm facing forward, closing fist inward (once)",Dynamic,1,Hand release,"Two hands, palms closed, facing each other, in front, opening fingers outward (once)",Static,1,Raised hand,"One hand, palm open, facing forward, raised upward (stationary)",Static,1,Palm slap,"Two hands, one open palm facing inward and stationary, while the other hand’s palm slaps downward horizontally onto the open palm (once)",Female,Brazil,Commerce,Portuguese,,Intermediate,Regular user,2,False,True,False,False,False,False,False,False,True,False,False,True,True
TC24215,Dynamic,1,Backhand up,"Two hands, palms facing the center, one open and the other with the fingers curved inwards forming a ""c"", opening the fingers outwards, repeatedly",Dynamic,1,Backhand down,"Two hands, palms open facing the center, one stationary and the other bending fingers inwards (repeatedly)",Dynamic,1,Palm tap out,"Two hands, one open palm facing right and the other palm facing down with the fingers touching the raised palm, moving outward apart (once)",Dynamic,1,Palm tap in,"Two hands, one hand with an open palm facing right (stationary), while the other palm facing downward moves to center, touching the raised palm with finger (once)",Dynamic,2,Hand circle + index to down,"One hand, all fingers closed forming a circle (stationary) + another hand, index finger extended, pointing up and down (once)",Static,2,Hand circle + index to up,"One hand, all fingers closed forming a circle (stationary) + another hand, index finger extended, pointing forward and upward (once)",Static,2,Raised hand + hand circle,"One hand, palm open, facing forward, raised upward (stationary) + one hand, all fingers closing inward, forming a ""c"" shape, (stationary)",Dynamic,1,Spread hands,"Two hands, palms open and facing downward, fingertips touching, moving outward to the sides (once)",Male,Brazil,Business,Portuguese,English,Advanced,Regular user,6,False,True,True,True,True,False,False,False,True,False,False,True,False
TC24216,Dynamic,1,Listen + palm up,"One hand, index finger near ear (repeatedly) + palm facing up, moving upward (repeatedly)",Dynamic,1,Hand swipe,"One hand, palm facing down, moving left-right (repeatedly)",Static,1,Listen,"One hand, hand near ear (stationary)",Static,1,Cover ear,"One hand, palm open, covering ear (stationary)",Dynamic,1,Clap hands,"Two hands, palms open and facing each other, moving toward each other and clapping (once)",Dynamic,1,Unblock view,"One hand, arm outstretched, palm facing forward, moving forward (once)",Dynamic,1,Hand wave,"One hand, palm facing forward, waving left-right (repeatedly)",Dynamic,1,Hand grab,"One hand, palm facing leftward, closing fist inward (once)",Female,Brazil,IT,Portuguese,,Beginner,Regular user,3,False,True,True,False,False,False,False,False,True,False,False,True,False
TC24217,Dynamic,1,Hand pinch,"One hand, all fingers tapping together, closing forward and moving upward (once)",Dynamic,1,Hand pinch,"One hand, thumb and index fingers pinching together, moving downward (once)",Static,1,Silence cue,"One hand, index finger placed on lips (stationary)",Static,2,Silence cue,"One hand, index finger placed on lips (stationary)",Dynamic,1,Clap hands,"Two hands, palms open and facing each other, moving toward each other and clapping (once)",Dynamic,1,Clap hands,"Two hands, palms open and facing each other, moving toward each other and clapping (once)",Static,1,Index up,"One hand, index finger extended upward (stationary)",Dynamic,1,Phone down,"One hand, all fingers curled near the ear, moving downward in front (once)",Male,Brazil,Government,Portuguese,,Intermediate,Software developer,6,False,True,True,False,True,False,True,False,True,False,False,True,True
TC24218,Dynamic,1,Point camera,"One hand, index finger pointing forward, sliding to the right, (once)",Dynamic,1,Point camera,"One hand, index finger pointing forward, sliding to the left (once)",Dynamic,1,Point camera,"One hand, index finger extended, pointing forward (once)",Static,1,Point camera,"One hand, index finger pointing forward (stationary)",Static,1,Index up,"One hand, index finger, pointing up, moving from bottom to top (once)",Dynamic,1,Point camera,"One hand, index finger extended, stretching the arm forward, pointing forward (once)",Static,1,"""v"" sign","One hand, index and middle fingers extended and separated in a ""v"" shape, facing outward (stationary)",Dynamic,1,Point camera,"One hand, index finger extended, pointing forward (once)",Male,Brazil,Education,Portuguese,,Beginner,Software developer,2,False,True,True,False,False,False,False,False,True,False,False,False,True
TC24219,Dynamic,2,Listen + palm up,"One hand, hand near ear (repeatedly) + palm facing up, moving upward (repeatedly)",Dynamic,2,Listen + palm down,"One hand, hand near ear (repeatedly) + palm facing down, moving up-down (repeatedly)",Dynamic,2,Point mouth + cross fingers,"One hand, index finger extended, pointing at the mouth (once) + two hands, index fingers extended and crossing each other to form an ""x"" shape (stationary)",Dynamic,2,Point month + thumbs up,"One hand, index finger extended, pointing at the mouth (repeatedly) + thumb finger extended upward (stationary)",Dynamic,2,Block face + cross fingers,"One hand, open palm facing inward, moving downward in front of face, closing fist inward (once) + two hands, index fingers extended and crossing each other to form an ""x"" shape (stationary)",Dynamic,2,Block face + thumbs up,"One hand, palm facing inward, moving downward in front face (once) + thumb finger extended upward (stationary)",Static,1,Raised hand,"One hand, palm open, facing forward, raised upward (stationary)",Dynamic,1,Spread hands,"Two hands, open palms facing down, crossing each other, spreading to the sides (once)",Male,Brazil,Education,Portuguese,English,Intermediate,Regular user,2,False,True,False,False,True,False,False,False,True,False,False,False,True
TC24220,Dynamic,1,Palm up,"Onde hand, palm facing up, moving upward (once)",Dynamic,1,Palm down,"One hand, palm facing down, moving up-down (once)",Static,1,Cover mouth,"Two hands, palms open facing inwards, crossing eache other, covering mouth (stationary)",Dynamic,1,Uncover mouth,"Two hands, palms crossing, facing inward, covering the mouth, moving outward away from the mouth, forward and down (once)",Dynamic,1,Clap hands,"Two hands, palms open and facing each other, moving toward each other and clapping (once)",Dynamic,1,Open curtains,"Two hands, palms open facing down, crossed over each other, moving upward and spreading to the sides (once)",Static,1,Raised hand,"One hand, palm open, facing forward, raised upward (stationary)",Dynamic,1,Close curtains,"Two hands, open palms facing inward, moving toward each other, toward the center, in front (once)",Male,Brazil,IT,Portuguese,,Intermediate,Software developer,4,False,True,False,False,True,False,False,False,True,False,False,True,True
TC24221,Dynamic,1,Palm up,"One hand, palm facing up, moving up-down (repeatedly)",Dynamic,1,Palm down,"One hand, palm facing down, moving up-down (repeatedly)",Dynamic,1,Clap hands,"Two hands, one palm facing upward, the other palm facing downward, moving towards each other, clapping (repeatedly)",Dynamic,1,Unclap hands,"Two hands, palms pressed together, fingers pointing forward, moving away for each other (once)",Dynamic,1,Clockwise,"One hand, index finger pointing forward and moving drawing a circle, counterclockwise (repeatedly)",Dynamic,1,Counterclockwise,"One hand, index finger pointing forward and moving drawing a circle, clockwise (repeatedly)",Static,1,Raised hand,"One hand, palm open, facing forward, raised upward (stationary)",Dynamic,1,Hand wave,"One hand, palm facing forward, waving left-right (once)",Male,Brazil,Education,Portuguese,English,Intermediate,Software developer,2,False,True,False,False,False,False,False,False,True,False,False,True,True
TC24222,Dynamic,1,Index up,"One hand, index finger, pointing up, moving from bottom to top (once)",Dynamic,1,Index down,"One hand, index finger, pointing downward, moving up-down (once)",Dynamic,1,Hand grab,"One hand, palm facing forward, closing fist inward (repeatedly)",Dynamic,1,Hand grab,"One hand, palm facing forward, closing fist inward (once)",Dynamic,1,Hand release,"One hand, palm closed, facing outward, opening fingers outward (once)",Dynamic,1,Hand release,"One hand, palm closed, facing outward, opening fingers outward (once)",Static,1,Index up,"One hand, index finger extended upward (stationary)",Dynamic,1,Point camera,"One hand, index finger extended, pointing forward (once)",Male,Brazil,IT,Portuguese,English,Beginner,Advanced user,2,False,True,False,False,False,False,False,False,True,False,False,True,True
TC24223,Dynamic,1,Swipe up,"One hand, palm open forward, middle finger pointing forward, moving upward, (once)",Dynamic,1,Hand pinch,"One hand, thumb and index fingers pinching together, moving downward (once)",Dynamic,1,Hand grab,"One hand, palm open, moving upward, closing fist in front of mouth (once)",Static,1,Silence cue,"One hand, index finger placed on lips (stationary)",Dynamic,1,Clap hands,"Two hands, palms open and facing each other, moving toward each other and clapping (once)",Dynamic,1,Open curtains,"Two hands, palms open forward, fingers slightly bent, moving away from each other, to the sides (once)",Static,1,Raised hand,"One hand, palm open, facing forward, raised upward (stationary)",Dynamic,2,Clap hands + hand pinch,"Two hands, palms open and facing each other, moving towards each other, clapping (once) + thumb and index fingers pinching together (stationary)",Male,Brazil,Arts,Portuguese,,Beginner,Regular user,2,False,True,False,False,False,False,False,False,True,False,False,True,True
TC24224,Dynamic,1,Palm up,"One hand, palm facing up, moving upward (once)",Dynamic,1,Palm down,"One hand, palm facing down, moving up-down (once)",Dynamic,1,Hand grab,"One hand, palm facing forward, closing fist inward (once)",Dynamic,1,Hand release,"One hand, palm closed, facing outward, opening fingers outward (once)",Dynamic,1,Hand release,"One hand, palm closed, facing outward, opening fingers outward (once)",Dynamic,1,Hand grab,"One hand, palm facing forward, closing fist inward (once)",Dynamic,1,Palm up,"One hand, open palm horizontaly, facing upward (stationary)",Dynamic,1,Hand cut,"One hand, palm open, facing downward, moving rightward in a cutting movement (once)",Female,Brazil,IT,Portuguese,Italian,Beginner,Regular user,1,False,True,False,False,False,False,False,False,True,False,False,False,False
TC24225,Dynamic,1,Backhand up,"One hand, palm facing down, moving upward, (once)",Dynamic,1,Palm down,"One hand, palm facing down, moving up-down (once)",Dynamic,1,Hand pinch,"One hand, palm open, all fingers tapping together, closing forward (once)",Dynamic,1,Unpinch,"One hand, all fingers pinched together, slowly opening outward (once)",Dynamic,1,Palm rotate,"One hand, palm open facing forward, fingers pointing rightward, moving leftward while turning the palm inward (once)",Dynamic,1,Palm rotate,"One hand, palm open facing inward, fingers pointing leftward, moving rightward while turning the palm forward (once)",Dynamic,1,Point camera,"One hand, index finger extended, pointing forward (once)",Dynamic,1,Open curtains,"Two hands, thumb and index fingers pinching together, hands crossed in front, moving apart to the sides",Female,Brazil,Administration,Portuguese,,Beginner,Occasional user,1,False,True,False,False,False,False,False,False,False,False,False,True,True
TC24226,Dynamic,1,Hand pinch,"One hand, thumb and index fingers pinching together, slowly closing inwards and outwards (repeatedly)",Dynamic,1,Hand pinch,"One hand, all fingers tapping together, closing forward and opening (once)",Dynamic,2,Point camera + clockwise,"One hand, index finger extended, pointing forward (once) + all fingers pinching knob, rotating counterclockwise (once)",Dynamic,2,Point camera + clockwise,"One hand, index finger extended, pointing forward (once) + all fingers pressing the button, rotating clockwise (once)",Dynamic,2,Raised hand + hand grab,"One hand, all fingers raised, pointing upwards, thumb touching fingers in sequence (once) + one hand, palm facing forward, closing fist inward (once)",Dynamic,1,Hand release,"One hand, palm closed, facing outward, opening fingers outward (once)",Dynamic,3,Index up + circular hand wave + hand grab,"One hand, index finger extended upward (stationary) + open palm facing forward, moving upward in a circular motion to the right (once) + palm facing leftward, closing fist inward (once)",Dynamic,1,Hand wave,"One hand, palm facing forward, waving left-right (repeatedly)",Female,Brazil,Administration,Portuguese,,Beginner,Occasional user,2,False,True,False,False,False,False,False,False,True,False,False,True,False
TC24227,Dynamic,2,Raised hand + hand swipe,"One hand, palm open, facing forward, raised upward (stationary) + palm facing rightward, swiping rightward (once)",Dynamic,1,Hand swipe,"One hand, palm facing rightward, swiping leftward (once)",Static,1,Cover mouth,"One hand, palm open facing inward, covering the mouth (stationary)",Dynamic,1,Uncover mouth,"One hand, palm facing inward, touching mouth, moving out of mouth vertically (once)",Static,1,Cover eyes,"Two hands, palms facing inward, covering the eyes (stationary)",Dynamic,1,Uncover mouth,"Two hands, palms facing inward, touching mouth, moving upward out of mouth (once)",Static,1,Raised hand,"One hand, palm open, facing forward, raised upward (stationary)",Dynamic,1,Hand grab,"One hand, palm facing forward, closing fist inward (once)",Female,Brazil,Administration,Portuguese,,Beginner,Regular user,2,False,True,False,False,False,False,False,False,False,True,False,True,False
TC24228,Dynamic,1,Palm up,"One hand, palm facing up, moving upward (once)",Dynamic,1,Palm down,"One hand, palm facing down, moving up-down (once)",Static,1,Silence cue,"One hand, index finger placed on lips (stationary)",Dynamic,1,Palm up,"One hand, palm facing up, moving upward (once)",Dynamic,1,Hand pinch,"One hand, palm facing forward, all fingers tapping together, closing frontward (once)",Dynamic,1,Circular hand wave,"One hand, palm facing forward, moving upward in a circular motion to the right (once)",Static,1,Index up,"One hand, index finger extended upward (stationary)",Dynamic,1,Hand pinch,"One hand, palm facing forward, all fingers tapping together, closing frontward (once)",Female,Brazil,Administration,Portuguese,,Beginner,Occasional user,1,False,True,False,False,False,False,False,False,True,False,False,False,False
TC24229,Dynamic,1,Palm up,"One hand, palm facing up, moving up-down (repeatedly)",Dynamic,1,Palm down,"One hand, palm facing down, moving up-down (repeatedly)",Static,1,Silence cue,"One hand, index finger placed on lips (stationary)",Dynamic,1,Unpinch,"One hand, thumb and middle fingers pinched together, opening outward (once)",Dynamic,1,Hand release,"One hand, palm closed, facing outward, opening fingers outward and closing again (once)",Dynamic,1,Hand release,"One hand, palm closed, facing outward, opening fingers outward (once)",Static,1,Raised hand,"One hand, palm open, facing forward, raised upward (stationary)",Static,1,Cross hands/arms,"Two hands, open palms, crossed in front of the body (once)",Male,Brazil,IT,Portuguese,English,Advanced,Software developer,3,False,True,True,False,False,False,False,False,True,False,False,False,True
TC24230,Dynamic,1,Palm up,"One hand, palm facing up, moving up-down (once)",Dynamic,1,Palm down,"One hand, palm facing down, moving up-down (once)",Dynamic,1,Hand grab,"One hand, palm facing lefward, closing fist inward (once)",Dynamic,1,Hand release,"One hand, palm closed, facing leftward, opening fingers forward (once)",Dynamic,1,Close lid,"Two hands, open palms facing each other, one moving downward toward the other (once)",Dynamic,1,Open curtains,"Two hands, palms pressed together, moving away from each other up and down (once)",Static,1,Index up,"One hand, index finger extended upward (stationary)",Dynamic,1,Cross hands/arms,"Two hands, palms open facing the sides, crossed in front of the body, moving away, to the sides (once)",Female,Brazil,Finance,Portuguese,,Beginner,Regular user,3,False,True,True,False,True,False,False,False,False,False,False,True,False
TC24231,Dynamic,1,Swipe up,"One hand, index and middle fingers pointing forward, moving upward, (once)",Dynamic,1,Swipe down,"One hand, index and middle fingers pointing forward, moving downward (once)",Static,1,Silence cue,"One hand, index finger placed on lips (stationary)",Static,1,Silence cue,"One hand, index finger placed on lips (stationary)",Dynamic,1,Hand swipe,"One hand, palm open, facing leftward, swiping leftward (once)",Dynamic,1,Hand swipe,"One hand, palm open, facing leftward, swiping rightward (once)",Static,1,Raised hand,"One hand, palm open, facing forward, raised upward (stationary)",Dynamic,1,Hand wave,"One hand, palm facing forward, waving left-right (repeatedly)",Male,Brazil,IT,Portuguese,,Beginner,Advanced user,3,False,True,True,False,False,False,False,False,True,False,False,False,True
TC24232,Dynamic,1,Backhand up,"One hand, palm facing down, moving upward (once)",Dynamic,1,Palm down,"One hand, palm facing down, moving up-down (once)",Dynamic,1,Hand grab,"One hand, palm facing leftward, closing fist inward (once)",Dynamic,1,Snap finger,"One hand, thumb and middle fingers flicking together, produce a snapping sound (once)",Static,1,Block face,"Two hands, palms facing forward, crossed in front of the face (stationary)",Dynamic,1,Hand wave,"One hand, palm facing forward, waving left-right (repeatedly)",Dynamic,1,Hand wave,"One hand, palm facing forward, moving upwar, waving left-right (once)",Dynamic,1,Cross hands/arms,"Two hands, palms open facing the sides, crossed in front of the body, moving away, to the sides (once)",Female,Brazil,IT,Portuguese,,Intermediate,Regular user,2,False,True,False,False,False,False,False,False,True,False,False,False,True
TC24233,Dynamic,1,Block view,"One hand, open palm, facing forward, stretching arm forward (once)",Dynamic,1,Block view,"One hand, palm open, facing forward, stretching arm forward and backward (once)",Dynamic,1,Hand pinch,"One hand, thumb and index fingers pinching together, slowly opening outwards (once)",Dynamic,1,Hand pinch,"One hand, thumb and index fingers pinched together, slowly opening outwards (once)",Dynamic,1,Hand pinch,"One hand, thumb and index fingers pinching together, slowly closing inward (once)",Dynamic,1,Hand pinch,"One hand, thumb and index fingers pinching together, slowly opening outwards (once)",Static,1,Raised hand,"One hand, palm open, facing forward, raised upward (stationary)",Dynamic,1,Hand swipe,"One hand, palm open, facing down, sliding to the right (once)",Female,Brazil,IT,Portuguese,,Intermediate,Regular user,2,False,True,False,False,False,False,False,False,True,False,False,True,True
TC24234,Dynamic,1,Palm up,"One hand, palm facing up, moving up-down (once)",Dynamic,1,Palm up-down,"One hand, palm open facing forward, moving the palm down, fingers pointing forward (once)",Dynamic,1,Hand grab,"One hand, palm facing forward, closing fist inward to leftward (once)",Dynamic,1,Hand release,"One hand, palm closed, facing leftward, opening fingers forward (once)",Static,1,Raised hand,"One hand, palm open, facing rightward, raised upward (once)",Static,1,Raised hand,"One hand, palm open, facing rightward, raised upward (stationary)",Dynamic,1,Hand swipe,"One hand, palm open facing forward, swiping leftward (once)",Dynamic,2,Hand release + palm up-down,"One hand, palm closed, facing forward, opening fingers forward (once) + one hand, palm open facing forward, moving the palm down, fingers pointing forward (once)",Female,Brazil,IT,Portuguese,,Advanced,Regular user,3,False,True,True,False,False,False,False,False,True,False,False,True,True
TC24235,Dynamic,1,Hand pinch,"One hand, thumb and index fingers pinching together, slowly closing inwards, moving forward (once)",Static,1,Raised hand,"One hand, palm open, facing forward, raised upward (stationary)",Dynamic,1,Palm rotate,"One hand, arm extended horizontally in front of the body, palm facing downward, rotating palm forward (once)",Dynamic,1,Palm rotate,"One hand, arm extended horizontally in front of the body, palm facing forward, rotating palm downward (once)",Static,1,Ok sign,"One hand, thumb and index fingers touching to form a circular shape, other fingers extended upward (stationary)",Static,1,Ok sign,"One hand, thumb and index fingers touching to form a circular shape, other fingers extended upward (stationary)",Static,1,Raised hand,"One hand, palm open, backhand forward, raised upward (stationary)",Static,1,Thumbs up,"One hand, thumb finger extended upward (stationary)",Male,Brazil,IT,Portuguese,,Beginner,Regular user,2,False,True,False,False,False,False,False,False,True,False,False,True,True
TC24236,Dynamic,1,Palm up,"One hand, palm facing up, moving upward (once)",Dynamic,1,Backhand up,"One hand, back of the hand facing upward, moving upward (once)",Static,1,Raised hand,"One hand, palm open, facing forward, raised upward (once)",Dynamic,1,Palm up,"One hand, palm facing up, moving upward (once)",Dynamic,1,Circular hand wave,"One hand, open palm facing downward, moving upward in a circular motion to the right (once)",Dynamic,1,Circular hand wave,"One hand, palm facing forward, moving upward in a circular motion to the left (once)",Static,1,Raised hand,"One hand, palm open, facing forward, raised upward (stationary)",Dynamic,1,Circular hand wave,"One hand, palm facing forward, moving upward in a circular motion to the left (once)",Female,Brazil,Administration,Portuguese,,Beginner,Regular user,3,False,True,True,False,False,False,False,False,False,False,False,True,False
TC24237,Dynamic,1,Sound wave,"One hand, palm facing forward, fingers slightly bent, moving left-right, upward (repeatedly)",Dynamic,1,Palm up-down,"Two hands, open palms facing each other, moving palms downward (once)",Static,1,Cross fingers,"Two hands, index fingers extended and crossing each other to form an ""x"" shape (stationary)",Static,1,Thumbs up,"One hand, thumb finger extended upward (stationary)",Dynamic,1,Hand grab,"One hand, palm facing forward, closing fist inward (once)",Dynamic,1,Hand grab,"One hand, palm facing fronttward, closing fist inward (repeatedly)",Static,1,Index up,"One hand, index finger extended upward (stationary)",Dynamic,1,Hand wave,"One hand, palm facing forward, waving left-right (repeatedly)",Não-binário,Brazil,Administration,Portuguese,,Intermediate,Regular user,2,False,True,False,False,False,False,False,False,False,False,False,True,False
TC24238,Dynamic,1,Hand pinch,"One hand, all fingers tapping together, closing forward and opening (repeatedly)",Dynamic,1,Hand pinch,"One hand, all fingers tapping together, closing forward (once)",Dynamic,1,Timeout tap,"Two hands, one hand horizontally, palm facing downward, the other hand vertically, palm facing sideways, moving back and forth to tap against the horizontal hand (repeatedly)",Dynamic,1,Timeout tap,"Two hands, one hand horizontally, palm facing downward, the other hand vertically, palm facing sideways, moving back and forth to tap against the horizontal hand (repeatedly)",Dynamic,1,Close curtains,"Two hands, palms facing outward, moving above each other to the center, in front (once)",Dynamic,1,Open curtains,"Two hands, palms open facing outward on the center, moving away from each other (once)",Static,1,Index up,"One hand, index finger extended upward (stationary)",Dynamic,1,Phone down,"One hand, all fingers curled near the ear, moving downward in front (once)",Female,Brazil,Administration,Portuguese,,Intermediate,Regular user,4,False,True,True,False,False,False,False,False,True,False,False,True,False
TC24239,Dynamic,1,Index up,"One hand, index finger extended, pointing frontward, moving upward, (once)",Dynamic,2,Swipe down + point camera,"One hand, index finger, pointing frontward, moving up-down (once) + index finger extended, pointing frontward (repeatedly)",Static,1,Silence cue,"One hand, index finger placed on lips (stationary)",Static,1,Listen,"One hand, index finger near ear (stationary)",Dynamic,1,Block face,"One hand, open palm facing inward, moving in a circular motion to the left, in front of face (once)",Dynamic,1,Hand wave,"One hand, palm facing forward, waving left-right, in front of face (once)",Static,1,Index up,"One hand, index finger extended upward (stationary)",Dynamic,1,Hand wave,"One hand, palm facing forward, waving left-right (repeatedly)",Female,Brazil,Administration,Portuguese,,Beginner,Occasional user,4,False,True,True,False,False,False,False,False,True,False,False,True,False
TC24240,Dynamic,1,Backhand up,"One hand, palm facing down, fingers partially curled, moving upward (once)",Dynamic,1,Pinch hold,"One hand, thumb and index finger brought close together as if holding a small object, moving downward (once)",Static,1,Cover mouth,"One hand, palm open facing inward, covering the mouth (stationary)",Static,1,Cover mouth,"Two hands, palms open facing inwards, crossing each other, covering mouth (stationary)",Static,1,Block face,"One hand, palm facing inward, in front of face (stationary)",Dynamic,1,Block face,"One hand, palm facing inward, moving downward in front of the face (once)",Static,1,Palm up,"One hand, open palm horizontaly, facing upward (stationary)",Dynamic,1,Spread hands,"Two hands, open palms facing down, crossing each other, spreading outward to the sides (once)",Male,Brazil,Business,Portuguese,English,Advanced,Regular user,3,False,True,True,False,False,False,False,False,False,False,False,True,True
TC24241,Dynamic,1,Hand swipe,"One hand, index and middle fingers extended, pointing forward, moving left to right in a smooth, flowing motion, (once)",Dynamic,1,Sound wave,"One hand, open palm, index and middle fingers extended, moving right to left in a smooth, flowing motion (once)",Dynamic,1,Hand grab,"One hand, palm facing forward, closing fist inward (once)",Dynamic,1,Hand release,"One hand, palm closed, facing outward, opening fingers outward (once)",Dynamic,1,Hand grab,"Two hands, palms closed, facing outwards, closing fists inward (once)",Dynamic,1,Hand release,"Two hands, palms closed, facing outward, opening fingers outward (once)",Static,1,Index up,"One hand, index finger extended upward (stationary)",Dynamic,2,Palm up + raised hand,"Two hands, palm facing up, moving upward (once) + palm open, facing backward, raised upward (stationary)",Male,Brazil,Commerce,Portuguese,,Intermediate,Advanced user,5,False,True,True,False,True,False,False,False,True,False,False,True,True
TC24242,Dynamic,1,Backhand up,"One hand, back of the hand facing upward, moving upward, (once)",Dynamic,1,Palm down,"One hand, palm facing down, moving up-down (once)",Static,1,Cross fingers,"Two hands, index fingers extended and crossing each other to form an ""x"" shape (stationary)",Static,1,Fist raise,"One hand, fist closed, positioned near shoulder height (stationary)",Static,1,Cover eyes,"Two hands, palms facing inward, covering the eyes (stationary)",Dynamic,1,Circular hand wave,"One hand, palm facing forward, moving upward in a circular motion to the right (once)",Static,1,Raised hand,"One hand, palm open, facing forward, raised upward (stationary)",Dynamic,2,Hand grab,"One hand, palm facing left, circular motion to the left, fist closed inwards (once)",Female,Brazil,Commerce,Portuguese,,Beginner,Advanced user,3,False,True,True,False,False,False,False,False,True,False,False,False,True
TC24243,Dynamic,2,Raised hand + palm up,"One hand, palm open, facing forward, raised upward (stationary) + another hand, palm facing up, moving upward (once)",Dynamic,2,Raised hand + palm down,"One hand, palm open, facing forward, raised upward (stationary) + one hand, palm facing down, moving up-down (once)",Static,1,Cross hand,"Two hands, palms facing inward, toward each other (stationary)",Static,1,Raised hand,"One hand, all fingers open, facing backwards, raised upwards (stationary)",Dynamic,1,Palm slap,"Two hands, one open palm facing upward and stationary, while the other hand’s palm slaps downward horizontally onto the open palm (repeatedly)",Dynamic,1,Palm slap,"Two hands, one open palm facing upward and stationary, while the other hand’s palm slaps downward horizontally onto the open palm (once)",Static,1,Raised hand,"One hand, palm open, facing forward, raised upward (stationary)",Static,2,Fist raise + raised hand,"One hand, fist closed, positioned near shoulder height (stationary) + palm open, facing forward, raised upward (stationary)",Male,Brazil,Commerce,Portuguese,,Intermediate,Advanced user,2,False,True,False,False,False,False,False,False,True,False,False,True,True
TC24244,Dynamic,1,Palm up,"One hand, palm facing up, moving up-down (once)",Dynamic,1,Palm down,"One hand, palm facing down, moving up-down (once)",Dynamic,1,Hand release,"One hand, palm closed, facing leftward, opening fingers (once)",Dynamic,1,Hand grab,"One hand, palm facing leftward, closing fist inward (once)",Dynamic,1,Palm slap,"Two hands, one open palm facing upward and stationary, while the other hand’s palm slaps downward horizontally onto the open palm (once)",Dynamic,1,Palm slap,"Two hands, one open palm facing upward and stationary, while the other hand’s palm slaps downward horizontally onto the open palm (once)",Static,1,Index up,"One hand, index finger extended upward (stationary)",Dynamic,1,Cross hands/arms,"Two hands, palms facing sideways, crossing in front of the body (once)",Male,Brazil,IT,Portuguese,,Beginner,Advanced user,3,False,True,True,False,False,False,False,False,True,False,False,True,False
TC24245,Dynamic,1,Backhand up,"One hand, palm facing down, moving upward (once)",Dynamic,1,Backhand up,"One hand, palm facing down, moving upward (once)",Static,1,Silence cue,"One hand, index finger placed on lips (stationary)",Dynamic,1,Circular hand wave,"One hand, palm facing forward, moving upward in a circular motion to the left (once)",Static,1,Block face,"One hand, palm facing frontward, raised in front of face (stationary)",Dynamic,1,Hand release,"One hand, palm closed, facing frontward, opening fingers (once)",Static,1,Index up,"One hand, index finger extended upward (stationary)",Dynamic,1,Hand wave,"One hand, palm facing forward, waving left-right (repeatedly)",Female,Brazil,Education,Portuguese,,Intermediate,Advanced user,7,False,True,True,False,True,False,True,True,True,False,False,True,True
TC24246,Dynamic,1,Index up,"One hand, index finger extended, palm facing down, swiping upward (once)",Dynamic,1,Point camera,"One hand, index finger extended, pointing forward, moving up-down (once)",Dynamic,1,Hand release,"One hand, palm closed, facing frontward, opening fingers (once)",Dynamic,1,Hand grab,"One hand, palm facing frontward, closing fist inward (once)",Static,1,Cross hands/arms,"Two hands, both palms turned horizontally, crossing in front of the body (once)",Dynamic,1,Palm up,"One hand, palm facing up, moving up-down (repeatedly)",Static,1,Index up,"One hand, index finger extended upward (stationary)",Dynamic,1,Hand wave,"One hand, palm facing forward, waving left-right (once)",Male,Brazil,Engineering,Portuguese,,Intermediate,Advanced user,4,False,True,True,False,False,False,False,False,True,False,False,True,True
TC24247,Dynamic,1,Swipe up,"One hand, index and middle fingers pointing forward, moving upward (once)",Dynamic,1,Swipe down,"One hand, index and middle fingers pointing forward, moving downward (once)",Static,1,Raised hand,"One hand, palm open, facing forward, raised upward (stationary)",Static,1,Raised hand,"One hand, palm open, facing forward, raised upward (stationary)",Dynamic,1,Block face,"One hand, palm open facing forward, fingers pointing rightward, moving downward in front of face (once)",Dynamic,1,Block face,"One hand, palm open facing forward, fingers pointing rightward, moving upward in front of face (once)",Static,1,Raised hand,"One hand, palm open, facing forward, raised upward (stationary)",Dynamic,1,Hand grab,"One hand, palm facing forward, closing fist inward (once)",Male,Brazil,Commerce,Portuguese,,Intermediate,Software developer,6,False,True,True,False,True,False,True,False,True,False,False,True,True
TC24248,Dynamic,1,Palm up,"One hand, palm facing up, moving up-down (repeatedly)",Dynamic,1,Palm down,"One hand, palm facing down, moving up-down (repeatedly)",Dynamic,1,Sound wave,"One hand, open palm, index and middle fingers extended, moving right to left in a smooth, flowing motion (once)",Static,1,Point camera,"One hand, index and middle fingers extended, pointing forward (once)",Dynamic,1,Hand release,"One hand, palm closed, facing leftward, opening fingers (once)",Dynamic,1,Hand grab,"One hand, palm facing leftward, closing fist inward (once)",Static,1,Raised hand,"One hand, palm open, facing forward, raised upward (stationary)",Dynamic,1,Point camera,"One hand, index finger extended, pointing forward (once)",Female,Brazil,IT,Portuguese,English,Advanced,Regular user,1,False,True,False,False,False,False,False,False,False,False,False,True,False
TC24249,Dynamic,1,Palm up,"One hand, palm facing up, moving up-down (once)",Dynamic,1,Backhand up,"One hand, palm facing down, moving upward (once)",Static,1,Silence cue,"One hand, index finger placed on lips (stationary)",Static,1,Listen,One hand near ear (stationary) (once),Dynamic,1,Block face,"One hand, open palm facing inwards, swiping from right to left in front of the face (once)",Dynamic,1,Circular hand wave,"One hand, open palm facing inward, moving upward in a circular motion to the left, in front of face (once)",Static,1,Raised hand,"One hand, palm open, facing forward, raised upward (once)",Static,1,Raised hand,"Two hands, palm open, facing forward, raised upward (stationary)",Female,Brazil,IT,Portuguese,English,Intermediate,Advanced user,3,False,True,False,False,True,False,False,False,True,False,False,False,False
TC24250,Dynamic,1,Unpinch,"One hand, all fingers pinched together, slowly opening thumb and index fingers outward (once)",Dynamic,1,Hand pinch,"One hand, all fingers tapping together, moving upward (once)",Dynamic,1,Hand pinch,"One hand, index and middle fingers tapped together, closed forward, moving right to left (once)",Static,1,Fist raise,"One hand, palm facing frontward, fist closed inward (stationary)",Dynamic,1,Close curtains,"Two hands, palms facing outward, moving above each other to the center, in front (once)",Dynamic,1,Stacked hands,"Two hands, palms open, moving one above the other (once)",Static,1,Raised hand,"One hand, palm open, facing forward, raised upward (stationary)",Dynamic,1,Hand wave,"One hand, palm facing forward, waving right-left (once)",Male,Brazil,IT,Portuguese,English,Intermediate,Advanced user,3,False,True,True,False,False,False,False,False,False,False,False,True,True
TC24251,Dynamic,1,Clockwise,"One hand, all fingers pinching knob, rotating clockwise (repeatedly)",Dynamic,1,Clockwise,"One hand, all fingers pinching knob, rotating clockwise (repeatedly)",Static,1,Raised hand,"One hand, all fingers extended, facing backwards, raised upwards (stationary)",Dynamic,1,Palm up,"One hand, palm facing up, moving up-down (repeatedly)",Static,1,Thumbs up,"One hand, thumb finger extended upward (stationary)",Static,1,Thumbs up,"One hand, thumb extended upward (stationary)",Dynamic,2,Point camera + index rotate,"One hand, index extended, pointing forward (once) + two hands, index fingers pointing towards each other, in the center, moving in circular motions around each other (repeatedly)",Static,1,Raised hand,"Two hands, palms open facing frontward, raised upward (once)",Female,Brazil,Arts,Portuguese,,Beginner,Regular user,3,False,True,True,False,False,False,False,False,True,False,False,False,True
TC24252,Dynamic,1,Palm up,"One hand, palm facing up, moving downward (once)",Dynamic,1,Backhand up,"One hand, palm facing down, moving upward (once)",Static,1,Fist raise,"One hand, fist closed, facing downward (stationary)",Static,1,Raised hand,"Palm open, facing forward, raised upward (stationary)",Dynamic,1,Hand grab,"One hand, palm facing forward, moving to the center and closing fist inward (once)",Dynamic,1,Hand grab,"One hand, palm facing forward, moving sideway and closing fist inward (once)",Static,1,Index up,"One hand, index finger extended upward (stationary)",Static,1,Raised hand,"Two hands, palms open facing frontward, raised upward (once)",Male,Brazil,IT,Portuguese,,Beginner,Regular user,1,False,True,False,False,False,False,False,False,False,False,False,True,True
TC24253,Dynamic,1,Palm up,"One hand, palm facing up, moving up-down (once)",Dynamic,1,Palm down,"One hand, palm facing down, moving downward (once)",Dynamic,1,Hand release,"One hand, palm closed, facing frontward, opening fingers frontward (once)",Dynamic,1,Hand grab,"One hand, palm facing forward, closing fist inward (once)",Dynamic,1,Circular hand wave,"One hand, palm facing forward, moving upward in a circular motion to the left (once)",Dynamic,1,Circular hand wave,"One hand, palm facing forward, moving upward in a circular motion to the right (once)",Static,1,Index up,"One hand, index finger extended upward (stationary)",Dynamic,1,Phone down,"One hand, fist closed forward, moving downward in front (once)",Male,Brazil,IT,Portuguese,,Intermediate,Software developer,2,False,True,False,False,False,False,False,False,True,False,False,True,True
TC24254,Dynamic,1,Hand pinch,"One hand, thumb and index fingers pinching together, moving upward (once)",Dynamic,1,Hand pinch,"One hand, thumb and index fingers pinching together, moving downward (once)",Dynamic,1,Block view,"One hand, arm outstretched, open palm facing forward, moving forward (once)",Dynamic,1,Block view,"One hand, arm outstretched, open palm facing forward, moving forward (once)",Dynamic,1,Circular hand wave,"One hand, palm facing forward, moving leftward in a circular motion (once)",Dynamic,1,Hand grab,"One hand, palm facing forward, closing fist inward (once)",Static,1,Index up,"One hand, index finger extended upward (stationary)",Dynamic,1,Hand swipe,"One hand, palm facing inward, moving outward in a smooth motion, turning the palm forward (once)",Male,Brazil,Environment,Portuguese,,Beginner,Occasional user,1,False,True,True,False,False,False,False,False,False,False,False,False,False
TC24255,Dynamic,2,Palm down + hand grab,"One hand, raised palm facing downward, fingers slightly bent, moving downward (once) + palm open, facing mouth, closing fist inward (once)",Dynamic,2,Backhand up + hand grab,"One hand, raised palm facing downward, all fingers slightly bent, moving upward (once) + palm open, facing mouth, closing fist inward (once)",Dynamic,2,Hand release + hand grab,"One hand, palm closed, facing leftward, opening fingers leftward, in front of mouth (once) + one hand, palm facing leftward, closing fist inward, in front of mouth (once)",Dynamic,2,Hand release + hand grab,"One hand, palm closed, facing leftward, opening fingers leftward, in front of mouth (once) + palm facing leftward, closing fist inward, in front of mouth (once)",Static,1,Raised hand,"One hand, palm open, facing forward, raised upward (stationary)",Static,1,Raised hand,"One hand, palm open, facing forward, raised upward (stationary)",Dynamic,1,Hand grab,"One hand, palm facing frontward, closing fist inward (repeatedly)",Dynamic,1,Hand wave,"One hand, palm facing forward, waving right-left 2x",Male,Brazil,IT,Portuguese,,Intermediate,Advanced user,6,False,True,True,False,True,False,False,False,True,False,True,True,True
TC24256,Dynamic,2,Namaste + open curtains,"Two hands, palms pressed together in front of the chest, fingers pointing upward + palms moving away from each other, to the sides (once)",Dynamic,1,Open curtains,"Two hands, palms open facing each other, in front, moving to the sides (once)",Static,1,Fist raise,"One hand, fist closed, in front, facing righward (stationary)",Dynamic,1,Hand grab,"One hand, palm facing frontward, closing fist inward (once)",Static,1,Cross fingers,"Two hands, index fingers extended and crossing each other to form an ""x"" shape (stationary)",Static,1,Thumbs up,"One hand, thumb finger extended upward (stationary)",Static,1,Raised hand,"One hand, palm open, facing forward, raised upward (stationary)",Static,1,Cross fingers,"Two hands, index fingers extended and crossing each other to form an ""x"" shape (stationary)",Male,Brazil,IT,Portuguese,English,Intermediate,Software developer,1,False,True,False,False,False,False,False,False,False,False,False,True,True
TC24257,Dynamic,1,Palm up,"One hand, palm facing up, moving upward (once)",Dynamic,1,Backhand up,"One hand, palm facing downward, moving upward, fingers slightly bent downward (once)",Dynamic,1,Hand grab,"One hand, palm facing frontward, closing fist inward (once)",Dynamic,1,Hand release,"One hand, palm closed, facing outward, opening fingers outward (once)",Dynamic,1,Hand swipe,"One hand, palm open facing forward, swiping circularly leftward, turning the palm downward (once)",Dynamic,1,Hand swipe,"One hand, palm open facing downward, swiping circularly rightward (once)",Static,1,Raised hand,"One hand, palm open, facing forward, raised upward (stationary)",Dynamic,1,Hand release,"One hand, palm closed, facing frontward, opening fingers outward (once)",Male,Brazil,IT,Portuguese,English,Intermediate,Advanced user,4,False,True,False,False,True,False,False,False,True,False,False,True,False
TC24258,Dynamic,1,Palm up,"One hand, palm facing up, moving upward (once)",Dynamic,1,Palm down,"One hand, palm facing down, moving downward (once)",Dynamic,1,Hand pinch,"One hand, all fingers tapping together, closing forward (once)",Dynamic,1,Unpinch,"One hand, all fingers pinched together, slowly opening outward (once)",Dynamic,2,Index rotate + point camera,"One hand, index finger pointing forward and moving drawing a circle (once) + index finger extended, pointing forward (once)",Dynamic,1,Index rotate + point camera,"One hand, index finger pointing forward and moving drawing a circle (once) + index finger extended, pointing forward (once)",Dynamic,1,Clap hands,"Two hands, palms open and facing each other, moving toward each other and clapping (once)",Dynamic,1,Hand swipe,"One hand, palm open, facing leftward, swiping leftward (once)",Male,Brazil,IT,Portuguese,,Beginner,Advanced user,3,False,True,False,False,False,False,False,False,True,False,False,True,True
TC24259,Dynamic,1,Palm up,"One hand, palm facing up, moving upward (once)",Dynamic,2,Raised hand + palm down,"One hand, palm open, facing forward, raised upward (stationary) + palm facing down, moving downward (once)",Dynamic,1,Hand grab,"One hand, palm facing leftward, closing fist inward (once)",Dynamic,1,Hand release,"One hand, palm closed, facing outward, opening fingers outward (once)",Dynamic,1,Finger click,"One hand, index and middle fingers extended, index finger bending inward, as if clicking a camera button (repeatedly)",Dynamic,1,Finger click,"One hand, index and middle fingers extended, index finger bending inward, as if clicking a camera button (repeatedly)",Static,1,Raised hand,"One hand, palm open, facing forward, raised upward (stationary)",Dynamic,1,Hand swipe,"One hand, palm open, facing forward, swiping rightward (once)",Male,Brazil,IT,Portuguese,,Beginner,Regular user,4,False,True,False,False,True,False,False,False,True,False,False,True,False
TC24260,Dynamic,1,Palm up,"One hand, palm facing up, moving upward (once)",Dynamic,1,Palm up-down,"One hand, open palm facing forward, moving palm downward (once)",Dynamic,1,Sound wave,"One hand, palm open facing forward, moving inward to the left side (once)",Dynamic,1,Hand cut,"One hand, palm open vertically, moving upward from left to right side in a cutting movement (once)",Dynamic,1,Hand grab,"One hand, palm facing leftward, closing fist inward (once)",Static,1,Raised hand,"Palm open, facing forward, raised upward (stationary)",Static,1,Index up,"One hand, index finger extended upward (stationary)",Dynamic,1,Hand grab,"One hand, palm facing left, circular motion to the left, fist closed inwards (once)",Female,Brazil,Education,Portuguese,English,Intermediate,Advanced user,3,False,True,False,False,False,False,False,False,True,False,True,False,True
TC24261,Dynamic,2,Palm up + listen,"One hand, palm facing up, moving upward (once) + hand near ear (stationary)",Dynamic,1,Palm up-down,"One hand, open palm facing forward, moving palm downward (once)",Dynamic,1,Hand pinch,"One hand, all fingers tapping together, leftward, in front of mouth (once)",Dynamic,1,Open curtains,"Two hands, palms open facing downward and pointing to each other, in front, moving upward e sideways (once)",Dynamic,1,Hand swipe,"One hand, open palm facing backward, moving diagonally from top to bottom left (once)",Dynamic,1,Hand swipe,"One hand, palm open facing backward, moving diagonally from bottom to top right (once)",Dynamic,2,Index circular wave + point camera,"One hand, index finger raised upward, moving in a circular motion to top right (once) + one hand, index extended, pointing frontward (once)",Dynamic,1,Close curtains,"Two hands, palms raised facing inward, moving toward each other toward the center, stopping horizontally above each other with thumbs raised, in front (once)",Female,Brazil,Business,Portuguese,Spanish,Beginner,Regular user,5,False,True,True,False,True,False,False,False,True,False,False,False,False
TC24262,Dynamic,1,Swipe up,"One hand, index and middle fingers pointing forward, moving upward (once)",Dynamic,1,Swipe down,"One hand, index and middle fingers pointing forward, moving downward (once)",Dynamic,1,Hand grab,"One hand, palm facing leftward, closing fist inward (once)",Dynamic,1,Hand release,"One hand, palm closed, facing leftward, opening fingers outward (once)",Dynamic,1,Palm up-down,"One hand, palm open facing forward, moving the palm down and inward (once)",Dynamic,1,Palm up,"One hand, palm facing up, moving upward (once)",Dynamic,1,Index up,"One hand, index finger, middle finger and thumb facing forward, moving upwards (once)",Dynamic,1,Clap hands,"Two hands, palms open and facing each other, moving towards each other, clapping and interlocking fingers (once)",Male,Brazil,IT,Portuguese,Spanish,Beginner,Software developer,4,False,True,False,False,True,False,False,False,True,False,False,True,False
TC24263,Dynamic,1,Index up,"One hand, index finger extended, pointing frontward, moving upward (once)",Dynamic,1,Point camera,"One hand, index finger extended, pointing forward, moving up-down (once)",Dynamic,1,Hand grab,"One hand, palm facing leftward, closing fist inward (once)",Dynamic,1,Hand release,"One hand, palm closed, facing leftward, opening fingers outward (once)",Dynamic,1,Hand grab,"Two hands, palms open facing each other, closing fist inward (once)",Dynamic,1,Hand release,"Two hands, palms closed, facing frontward, opening fingers outward (once)",Static,1,Index up,"One hand, index finger extended upward (stationary)",Dynamic,1,Open curtains,"Two hands, closed fists facing forward, opening fingers outward, moving away from each other, to the sides (once)",Female,Brazil,IT,Portuguese,,Beginner,Regular user,1,False,True,False,False,False,False,False,False,True,False,False,False,False
TC24264,Dynamic,1,Clockwise,"One hand, all fingers pinching knob, rotating counterclockwise (once)",Dynamic,1,Clockwise,"One hand, all fingers pinching knob, rotating clockwise (once)",Dynamic,1,Hand grab,"One hand, palm facing forward, moving to the bottom left, fist closing inward (once)",Dynamic,1,Hand release,"One hand, palm closed, facing leftward, opening fingers outward, frontward (once)",Static,1,Cross fingers,"Two hands, index fingers extended and crossing each other to form an ""x"" shape (stationary)",Dynamic,1,Uncross fingers,"Two hands, index fingers extended and crossing each other to form an ""x"" shape, moving away from each other, to the sides (stationary)",Static,1,Raised hand,"One hand, palm open, facing forward, raised upward (stationary)",Dynamic,1,Point camera,"One hand, index finger extended, moving upward, pointing frontward (once)",Female,Brazil,Business,Portuguese,Spanish,Beginner,Regular user,5,False,True,True,False,True,False,False,False,True,False,False,True,True
TC24265,Dynamic,1,Backhand up,"One hand, open palm facing downward horizontally, moving upward (once)",Dynamic,1,Palm down,"One hand, open palm facing downward horizontally, moving up-down (once)",Dynamic,1,Hand grab,"One hand, palm facing forward, closing fist inward (once)",Dynamic,1,Hand release,"One hand, palm closed, facing outward, opening fingers outward (once)",Static,1,Raised hand,"One hand, index and middle fingers raised upwards, facing inwards (stationary)",Static,1,Fist raise + index up,"One hand, palm facing forward, fist closed inward (once) + one hand, index finger extended upward (stationary)",Static,1,Raised hand,"One hand, palm open, facing forward, raised upward (stationary)",Dynamic,1,Hand grab,"One hand, palm facing forward, closing fist inward (once)",Male,Brazil,Environment,Portuguese,,Beginner,Advanced user,3,False,True,False,False,True,False,False,False,True,False,False,True,True
TC24266,Dynamic,1,Unpinch,"One hand, thumb and middle fingers pinched together, slowly opening outward (once)",Dynamic,1,Pinch hold,"One hand, thumb and index fingers extended, slowly brought together as if holding a small object (once)",Dynamic,1,Hand grab,"One hand, palm facing forward, closing fist inward (once)",Dynamic,1,Hand release,"One hand, palm closed, facing outward, opening fingers outward (once)",Dynamic,1,Palm up-down,"One hand, palm open facing forward, moving the palm down, fingers relaxed and extended forward (once)",Dynamic,2,Backhand up + raised hand,"One hand, palm facing down, moving upward (once) + palm open, facing forward, raised upward (stationary)",Static,1,Index up,"One hand, index finger extended upward (stationary)",Dynamic,1,Hand wave,"Two hands, palms facing forward, waving left-right (repeatedly)",Male,Brazil,Arts,Portuguese,English,Intermediate,Regular user,5,False,True,True,False,True,False,False,False,True,False,False,True,True
TC24267,Dynamic,1,Swipe up,"One hand, palm facing upward, index and middle fingers pointing forward, moving upward (once)",Dynamic,1,Swipe down,"One hand, palm facing downward, index and middle fingers pointing forward, moving downward (once)",Dynamic,1,Throat slash,"One hand, palm open, moving horizontally across the throat, rightward (once)",Dynamic,1,Uncover mouth,"One hand, palm touching the mouth, moving outward away from the mouth (once)",Dynamic,1,Hand grab,"One hand, palm open facing leftward, closing fist inward, in front of face (once)",Dynamic,1,Hand release,"One hand, palm closed, facing upward, opening fingers (once)",Static,1,Raised hand,"One hand, palm open, facing forward, raised upward (stationary)",Dynamic,1,Clap hands,"Two hands, palms open and facing each other, moving toward each other and clapping (once)",Male,Brazil,IT,Portuguese,English,Advanced,Software developer,4,False,True,True,False,False,False,False,False,True,False,False,True,True
TC24268,Dynamic,1,Unpinch,"One hand, thumb and middle finger pinched together, slowly opening outward (once)",Dynamic,1,Pinch hold,"One hand, thumb and index fingers extended, slowly brought together as if holding a small object (once)",Dynamic,1,Hand grab,"One hand, palm facing forward, closing fist inward (once)",Static,1,Fist raise,"One hand, palm facing forward, fist closed inward (once)",Dynamic,1,Hand wave,"Two hands, palms facing forward, waving left-right (repeatedly)",Dynamic,1,Hand wave,"Two hands, palms facing forward, waving left-right (once)",Static,1,Raised hand,"One hand, palm open, fingers spread, facing backward, raised upward (stationary)",Static,1,Raised hand,"One hand, palm open, fingers spread, facing frontward, raised upward (stationary)",Male,Brazil,Arts,Portuguese,English,Advanced,Advanced user,5,False,True,True,False,True,False,False,False,True,False,False,True,True
TC24269,Dynamic,1,Palm up,"Two hands, palms facing up, moving up-down (repeatedly)",Dynamic,1,Backhand up,"Two hands, palms facing downward, moving up-down (repeteadly)",Static,1,Silence cue,"One hand, index finger placed on lips (stationary)",Dynamic,1,Uncover mouth,"Two hands, open palms facing inward, in front of the mouth, moving outward to the sides (once)",Dynamic,2,Point camera + open curtains,"One hand, index finger extended, pointing forward (once) + two hands, palms facing outwards, crossed in front of body, moving away from each other, to the sides, closing fists forward (once)",Dynamic,2,Open curtains + hand release,"Two hands, palms closed facing each other at the center, moving away from each other, to the sides (once) + opening fingers frontward (once)",Static,1,Chest palm + raised hand,"One hand, open palm placed over the chest (stationary) + other hand, palm open, facing forward, raised upward (stationary)",Dynamic,1,Spread hands,"Two hands, open palms facing down, crossing each other, spreading outward to the sides (once)",Male,Brazil,IT,Portuguese,,Beginner,Regular user,2,False,True,False,False,False,False,False,False,True,False,False,False,True
TC24270,Dynamic,1,Index rotate,"One hand, index finger pointing forward and moving clockwise, circularly, (repeatedly)",Dynamic,1,Palm down,"One hand, palm facing down, moving up-down (repeatedly)",Static,1,Cross fingers,"Two hands, index fingers extended and crossing each other to form an ""x"" shape (stationary)",Dynamic,1,Uncover mouth,"One hand, open palm touching mouth, moving away from mouth, outward (repeatedly)",Static,1,Timeout,"Two hands, one positioned horizontally with palm facing downward, fingers touching the open palm of the other hand (stationary)",Dynamic,1,Open curtains,"Two hands, open palms facing inward, moving outward to the sides (once)",Static,1,Index up,"One hand, index finger extended upward (stationary)",Static,1,Raised hand,"One hand, palm open, fingers spread, facing frontward, raised upward (stationary)",Male,Brazil,IT,Portuguese,,Intermediate,Software developer,6,False,True,True,False,True,True,False,False,True,False,False,True,False
TC24271,Dynamic,1,Index up,"One hand, index finger extended, pointing frontward, moving upward (once)",Dynamic,1,Point camera,"One hand, index finger extended, pointing forward, moving downward (once)",Static,1,Silence cue,"One hand, index and middle fingers placed on lips (stationary)",Static,1,Silence cue,"One hand, index and middle fingers placed on lips (stationary)",Dynamic,1,Raised hand,"One hand, palm open, facing forward, raised upward (stationary)",Static,1,Raised hand,"One hand, palm open, raised upward, moving forward (stationary)",Static,1,Raised hand,"One hand, palm open, facing forward, raised upward (stationary)",Dynamic,1,Phone down,"One hand, all fingers curled near the ear, moving downward in front (once)",Male,Brazil,IT,Portuguese,English,Advanced,Advanced user,4,False,True,True,False,True,False,False,False,False,False,False,True,True
TC24272,Dynamic,1,Palm up,"One hand, palm facing up, moving up-down (repeatedly)",Dynamic,1,Palm down,"One hand, palm facing down, all fingers extended, moving up-down (repeatedly)",Dynamic,1,Zip mouth,"One hand, thumb and index fingers pinching together, swiping rightward, in front of mouth (once)",Dynamic,1,Zip mouth,"One hand, thumb and index finger pinching together, swiping lefttward, infront of mouth (once)",Dynamic,2,Circular hand wave + hand pinch,"One hand, palm facing forward, moving upward in a circular motion from right to left (once) + all fingers tapping together, closing leftward (once)",Dynamic,1,Hand wave,"One hand, palm facing forward, waving right-left (repeatedly)",Static,1,Raised hand,"One hand, palm open, facing forward, raised upward (stationary)",Dynamic,1,Salute swipe,"One hand, index and middle fingers extended forward, touching the forehead, moving upward and outward (once)",Male,Brazil,Commerce,Portuguese,English,Advanced,Software developer,3,False,True,False,False,False,False,False,False,True,False,False,True,True
TC24273,Dynamic,1,Unpinch,"One hand, thumb and index fingers pinched together, slowly opening outward (repeatedly)",Dynamic,1,Hand pinch,"One hand, thumb and index fingers pinching together, slowly closing inwards (once)",Dynamic,1,Hand swipe,"One hand, palm open, facing leftward, swiping leftward (once)",Dynamic,1,Hand swipe,"One hand, palm open, facing leftward, sliding from left to right (once)",Dynamic,1,Hand grab,"One hand, palm facing forward, closing fist inward (once)",Dynamic,1,Hand release,"One hand, palm closed, facing outward, opening fingers outward (once)",Static,1,Raised hand,"One hand, palm open, facing forward, raised upward (stationary)",Dynamic,1,Hand swipe,"One hand, fist closed, facing leftward, swiping leftward (once)",Male,Brazil,Business,Portuguese,English,Advanced,Software developer,6,False,True,True,False,True,False,False,False,True,False,True,True,True
TC24274,Dynamic,1,Palm up,"One hand, palm facing up, moving upward (once)",Dynamic,1,Palm down,"One hand, palm facing down, moving downward (once)",Dynamic,1,Hand release + hand grab,"One hand, palm closed, facing forward, opening fingers forward (once) + palm open, forward, closing fist inward (once)",Dynamic,1,Hand release,"One hand, palm closed, facing forward, opening fingers forward (once)",Dynamic,1,Clap hands,"Two hands, palms open and facing each other, moving towards each other, clapping (once)",Dynamic,1,Namaste + open curtains,"Two hands, palms pressed together in front of the chest, fingers pointing upward + palms moving away from each other, to the sides (once)",Static,1,Thumbs up,"One hand, thumb extended upward (stationary)",Dynamic,1,Spread hands,"Two hands, open palms facing down, crossing each other, spreading to the sides (once)",Male,Brazil,Physics,Portuguese,,Beginner,Regular user,5,False,True,True,False,True,False,False,False,True,False,False,True,False
TC24275,Dynamic,1,Palm up,"One hand, palm facing up, moving upward (once)",Dynamic,1,Palm down,"One hand, palm facing down, moving downward (once)",Dynamic,1,Hand release,"One hand, palm closed, facing forward, opening fingers forward (repeatedly)",Dynamic,1,Hand grab,"One hand, open palm facing forward, closing fist inward (once)",Static,1,Cross fingers,"Two hands, index and middle fingers extended and crossing each other to form an ""x"" shape (stationary)",Dynamic,1,Cross fingers,"Two hands, index and middle fingers extended and crossing each other to form an ""x"" shape (stationary)",Static,1,Index up,"One hand, index finger extended upward (stationary)",Static,1,Cross hands/arms,"Two hands, palms facing sideways, crossing in front of the body (once)",Male,Brazil,Education,Portuguese,,Intermediate,Advanced user,6,False,True,True,False,True,False,False,False,True,False,True,True,False
TC24276,Dynamic,1,Hand pinch,"One hand, thumb and index fingers pinching together, moving up and down (once)",Dynamic,1,Hand pinch,"One hand, thumb and middle fingers tapping together, moving downward (once)",Dynamic,1,Hand grab,"One hand, palm facing forward, closing fist inward (once)",Dynamic,1,Hand release,"One hand, palm closed, facing forward, opening fingers forward (once)",Dynamic,1,Snap finger,"One hand, thumb and middle fingers flicking together, produce a snapping sound (once)",Dynamic,1,Snap finger,"One hand, thumb and middle fingers flicking together, produce a snapping sound (repeatedly)",Static,1,Raised hand,"One hand, palm open, facing forward, raised upward (stationary)",Dynamic,1,Hand wave,"One hand, palm facing forward, waving left-right (repeatedly)",Male,Brazil,Engineering,Portuguese,English,Intermediate,Advanced user,5,False,True,True,False,True,False,False,False,True,False,False,True,False
TC24277,Dynamic,1,Index up,"One hand, palm facing inward, index finger extended, moving upward (once)",Dynamic,1,Index down,"One hand, index finger, pointing downward (stationary)",Static,1,Intertwined fingers,"One hand, index and middle fingers raised and interlaced (stationary)",Dynamic,2,Hand release + hand grab,"Palm closed, facing forward, opening all fingers forward (once) + palm open, forward, closing fist inward (once)",Dynamic,1,Spread hands,"Two hands, open palms facing forward, crossing each other, spreading to the sides (repeatedly)",Dynamic,1,Close curtains,"Two hands, open palms facing forward, moving towards each other to the center, in front (repeatedly)",Static,1,Thumbs up,"One hand, thumb extended upward (stationary)",Dynamic,1,Hand grab,"One hand, open palm moving upward in a circular motion to the right, closing fist rightward (once)",Male,Brazil,Engineering,Portuguese,,Intermediate,Regular user,3,False,True,False,False,True,False,False,False,False,False,False,True,True
TC24278,Dynamic,1,Index up,"One hand, index finger extended, pointing rightward, moving upward (once)",Dynamic,1,Index up,"One hand, index finger extended upward, sliding from upward to rightward downward (once)",Dynamic,1,Hand grab,"One hand, palm facing forward, closing fist inward (once)",Dynamic,1,Hand wave,"One hand, palm facing forward, moving upward in a circular motion to the right, then moving back downward in a circular motion to left (once)",Dynamic,1,Hand grab,"Two hands, palms open facing forward, closing fist inward (once)",Static,1,Thumbs up,"One hand, thumb finger extended upward (stationary)",Static,1,Raised hand,"One hand, palm open, facing forward, raised upward (stationary)",Dynamic,1,Hand wave,"One hand, palm facing forward, waving left-right (repeatedly)",Male,Brazil,Engineering,Portuguese,,Beginner,Advanced user,5,False,True,True,False,True,False,False,False,True,False,False,True,True
TC24279,Dynamic,2,Hand release + hand grab,"One hand, palm closed, facing forward, opening fingers forward (once) + palm open, forward, closing fist inward (once)",Dynamic,2,Hand grab,"One hand, palm open, facing forward, all fingers brought close together as if holding a small object (once)",Dynamic,1,Hand grab,"One hand, palm facing forward, closing fist inward (once)",Dynamic,1,Hand release,"One hand, palm closed, facing upward, opening fingers outward (once)",Dynamic,1,Block face,"One hand, open palm facing inward, sliding downward in front of the face, closing fingers in sequence (once)",Dynamic,1,Hand release,"One hand, palm closed, facing forward, opening fingers righward (once)",Static,1,Index up,"One hand, index finger extended upward (stationary)",Static,1,Namaste,"Two hands, palms pressed together in front of the chest, fingers pointing upward (stationary)",Male,Brazil,Civil construction,Portuguese,,Beginner,Regular user,4,False,True,False,False,True,False,False,False,True,False,False,True,False
TC24280,Dynamic,1,Palm up,"Two hands, palms facing up, moving up-down (repeatedly)",Dynamic,1,Palm down,"One hand, palm facing down, moving downward (once)",Dynamic,1,Hand swipe,"One hand, palm open, facing forward, sliding leftward (once)",Dynamic,1,Point camera,"One hand, index and middle fingers extended, pointing forward (once)",Dynamic,1,Close lid,"One hand, flat hand, palm facing downward, moving downward (once)",Dynamic,1,Palm up,"One hand, palm facing up, moving upward (once)",Dynamic,1,Hand cut,"One hand, palm open, facing up, moving leftward in a cutting movement (once)",Dynamic,1,Hand grab,"One hand, palm facing forward, closing fist inward (once)",Female,Brazil,Commerce,Portuguese,English,Intermediate,Regular user,3,False,True,True,False,True,False,False,False,False,False,False,False,False
TC24281,Dynamic,1,Swipe up,"One hand, index and middle fingers pointing leftward, moving upward (once)",Dynamic,1,Swipe up,"One hand, index finger pointing forward, moving up-down (once)",Dynamic,1,Backhand up,"One hand, palm facing down, moving upward (once)",Dynamic,2,Hand release + hand grab,"One hand, palm closed, facing forward, opening fingers forward (once) + palm open, forward, closing fist inward (once)",Static,1,Fist raise,"One hand, fist closed inward, facing leftward (once)",Dynamic,1,Hand release,"One hand, palm closed, opening fingers leftward (once)",Dynamic,1,Circular hand wave,"One hand, index and middle finger moving upward in a circular motion to rightward (once)",Dynamic,1,Clap hands,"Two hands, palms open and facing each other, moving towards each other, clapping (once)",Male,Brazil,Building design,Portuguese,,Beginner,Regular user,1,False,True,True,False,False,False,False,False,False,False,False,False,False
TC24282,Dynamic,1,Unpinch,"One hand, all fingers pinched together, slowly opening index and middle finger forward (once)",Dynamic,1,Hand pinch,"One hand, all fingers tapping together, closing forward (once)",Dynamic,1,Index up,"One hand, index finger extended, pointing upward, then moving to point downward (once)",Dynamic,1,Index swipe,"One hand, index finger extended, pointing forward, moving upward and shifting to point upward (once)",Static,1,Raised hand,"One hand, palm open, facing forward, raised upward (stationary)",Dynamic,1,Hand release,"One hand, palm closed, opening fingers forward (once)",Static,1,Thumbs up,"One hand, thumb extended upward (stationary)",Dynamic,1,Spread hands,"Two hands, open palms facing down, crossing each other, spreading to the sides (once)",Male,Brazil,IT,Portuguese,English,Advanced,Advanced user,5,False,True,True,False,True,False,False,False,True,False,False,True,False
TC24283,Dynamic,1,Palm up,"One hand, palm facing upward, bending the fingers in and out (repeatedly)",Dynamic,1,Palm down,"One hand, palm facing down, moving downward (once)",Dynamic,1,Spread hands,"Two hands, open palms facing down, crossing each other, spreading to the sides (repeatedly)",Dynamic,1,Listen,"One hand, index finger extended, pointing at the ear (repeatedly)",Dynamic,1,Raised hand,"One hand, palm open, facing forward, raised upward (stationary)",Dynamic,1,Palm up,"One hand, palm facing upward, bending the fingers in and out 8repeatedly)",Static,1,Raised hand,"One hand, palm open, facing forward, raised upward (stationary)",Dynamic,1,Hand wave,"One hand, palm facing forward, waving left-right (repeatedly)",Female,Brazil,Management processes,Portuguese,,Beginner,Regular user,2,False,True,False,False,True,False,False,False,True,False,False,False,True
TC24284,Dynamic,1,Clockwise,"One hand, all fingers pinching knob, rotating counterclockwise (once)",Dynamic,1,Clockwise,"One hand, all fingers pinching knob, rotating clockwise (once)",Dynamic,1,Hand grab,"One hand, palm facing forward, closing fist inward (oce)",Dynamic,1,Hand release,"One hand, palm closed, facing upward, opening fingers outward (once)",Dynamic,1,Block face,"One hand, palm open, facing inward, sliding from top to bottom in front of face (once)",Dynamic,1,Block face,"One hand, palm open, facing inward, sliding from bottom to top, in front of face (once)",Static,1,Raised hand,"One hand, palm open, facing rightward, raised upward (stationary)",Dynamic,1,Clap hands,"Two hands, palms open and facing each other, moving towards each other, clapping (once)",Male,Brazil,IT,Portuguese,English,Advanced,Software developer,8,False,True,True,False,True,False,True,False,True,True,True,True,True
TC24285,Dynamic,2,Listen + palm up,"One hand, index finger pointing at the ear (repeatedly) + palm facing up, moving upward (once)",Dynamic,4,Listen + pinch hold + palm down + point ear,"One hand, index finger pointing at the ear (once) + thumb and index fingers extended, brought together as if holding a small object (stationary) + palm facing down, moving downward (once) + index finger pointing at the ear (once)",Dynamic,1,Hand grab,"One hand, palm facing inwards, closing fist in front of mouth (once)",Dynamic,1,Uncover mouth,"One hand, open palm touching mouth, moving away from mouth, outward (once)",Dynamic,2,Point camera + hand swipe,"One hand, index finger extended, pointing frontward (once) + palm open, facing forward, swiping leftward (once)",Dynamic,1,Hand swipe,"One hand, palm open, facing leftward, swiping rightward (once)",Dynamic,2,Index up + chin unpinch,"One hand, index finger extended upward (stationary) + all fingers pinched together, touching the chin, opening forward (once)",Dynamic,2,Clap hands + hand wave,"Two hands, palms open and facing each other, moving towards each other, clapping (once) + two hands, palms facing forward, waving left-right (repeatedly)",Female,Brazil,Administration,Portuguese,,Beginner,Occasional user,2,False,True,True,False,False,False,False,False,False,False,False,False,False
TC24286,Dynamic,3,Point camera + listen + palm up,"One hand, index finger extended, pointing forward (once) + index finger pointing at the ear (repeatedly) + palm facing up, moving upward (once)",Dynamic,3,Point camera + listen + palm down,"One hand, index finger extended, pointing forward (once) + one hand, index finger pointing at the ear (once) + palm facing down, moving downward (once)",Dynamic,3,Point camera + raised hand + silence cue,"One hand, index finger extended, pointing forward (once) + palm open, facing forward, raised upward (stationary) + index finger placed on lips (stationary)",Dynamic,3,Point camera + listen + uncover mouth,"One hand, index finger extended, pointing forward (once) + one hand, index finger pointing at the ear (once) + one hand, open palm touching mouth, moving away from mouth outward (repeatedly)",Dynamic,1,Block view,"One hand, arm outstretched, palm facing forward, moving forward (once)",Dynamic,1,Point camera,"One hand, index finger extended, pointing forward (once)",Dynamic,2,Chest palm + uncover mouth,"One hand, open palm placed over the chest (stationary) + open palm touching mouth, moving away from mouth, outward (repeatedly)",Dynamic,2,Chest palm + hand wave,"One hand, open palm placed over the chest (stationary) + palm facing forward, waving left-right (repeatedly)",Female,Brazil,Administration,Portuguese,,Beginner,Occasional user,3,False,True,True,False,False,False,False,False,True,False,False,False,False
TC24287,Dynamic,1,Palm up,"One hand, palm facing up, moving up-down (repeatedly)",Dynamic,1,Palm down,"One hand, palm facing down, moving up-down (repeatedly)",Dynamic,2,Chin pinch + hand cut,"One hand, index and middle fingers pinched together, near the chin + palm open, facing downward, moving leftward in a cutting movement (once)",Static,1,Index point,"One hand, index finger extended, pointing leftward (stationary)",Dynamic,2,Hand pinch + hand cut,"Two hands, thumb and index fingers extended, pinching together, slowly closing inwards + one hand, palm open, facing downward, moving righward in a cutting movement (once)",Dynamic,2,Hand wave + pinch hold,"One hand, palm facing forward, waving left-right (once) + two hands, thumb and index fingers extended, slowly brought together as if holding a small object (once)",Static,1,Index up,"One hand, index finger extended upward (stationary)",Dynamic,1,Spread hands,"Two hands, open palms facing down, crossing each other, spreading to the sides (once)",Male,Brazil,Environment,Portuguese,English,Advanced,Regular user,4,False,True,True,False,False,False,False,False,True,False,False,True,True
TC24289,Dynamic,1,Palm up,"One hand, palm facing up, moving upward (once)",Dynamic,1,Palm down,"One hand, palm facing down, moving downward (once)",Dynamic,1,Hand pinch,"One hand, thumb and index fingers extended, pinching together, closing inwards (once)",Dynamic,1,Unpinch,"One hand, thumb and index fingers pinched together, opening outward (once)",Dynamic,1,Hand grab,"One hand, palm open facing leftward, closing fist inward (once)",Dynamic,1,Hand release,"One hand, palm closed, facing leftward, opening fingers outward (once)",Static,1,Raised hand,"One hand, palm open, facing forward, raised upward (stationary)",Dynamic,1,Hand wave,"One hand, palm facing forward, waving left-right (repeatedly)",Male,Brazil,Engineering,Portuguese,,Intermediate,Advanced user,2,False,True,False,False,True,False,False,False,False,False,False,True,True
TC24290,Dynamic,1,Palm up,"One hand, palm facing up, moving upward (once)",Dynamic,1,Palm down,"One hand, palm facing down, moving downward (once)",Dynamic,1,Zip mouth,"One hand, thumb and index fingers pinching together, swiping rightward, in front of mouth (once)",Dynamic,1,Hand release,"One hand, palm closed, facing forward, opening fingers forward, in front of mouth (once)",Dynamic,1,Hand grab,"One hand, palm open moving circularly to leftward and closing fingers inwards (once)",Dynamic,1,Circular hand wave,"One hand, palm facing forward, moving upward in a circular motion to the right (once)",Static,1,Raised hand,"One hand, all fingers raised upward, facing forward (stationary)",Dynamic,1,Hand wave,"One hand, palm facing forward, waving left-right (repeatedly)",Female,Brazil,Engineering,Portuguese,,Advanced,Advanced user,4,False,True,True,False,True,False,False,False,True,False,False,False,True
TC24291,Dynamic,1,Pinch hold,"One hand, thumb and index fingers brought close together as if holding a small object, moving upward (once)",Dynamic,1,Pinch hold,"One hand, thumb and index fingers brought close together as if holding a small object, moving up-down (once)",Dynamic,1,Hand grab,"One hand, palm facing inwards, closing fist lefward (once)",Dynamic,1,Hand release,"One hand, palm closed, facing leftward, opening fingers forward (once)",Dynamic,1,Block view,"One hand, arm outstretched, open palm facing forward, moving forward (once)",Dynamic,1,Block view,"One hand, arm outstretched, palm facing forward, moving forward (once)",Static,1,Raised hand,"One hand, palm open, facing forward, raised upward (stationary)",Dynamic,1,Circular hand wave,"One hand, palm facing forward, moving forward in a circular motion to right (once)",Male,Brazil,IT,Portuguese,,Beginner,Regular user,3,False,True,False,False,False,False,False,False,True,False,False,True,False
TC24292,Dynamic,1,Palm up,"One hand, palm facing up, moving upward (once)",Dynamic,1,Palm down,"One hand, palm facing down, moving downward (once)",Static,1,Cover mouth,"One hand, palm open facing inward, covering the mouth (stationary)",Dynamic,1,Uncover mouth,"One hand, open palm touching mouth, moving away from mouth, outward (once)",Dynamic,1,Hand grab,"One hand, palm open facing leftward, closing fist inward (once)",Dynamic,1,Hand release,"One hand, palm closed, facing leftward, opening fingers forward (once)",Static,1,Index up,"One hand, index finger extended upward (stationary)",Static,1,Raised hand,"One hand, palm open, facing forward, raised upward (stationary)",Male,Brazil,IT,Portuguese,,Beginner,Advanced user,2,False,True,False,False,False,False,False,False,False,False,True,True,True
TC24293,Dynamic,2,Listen + palm up,"One hand, index finger pointing at the ear (repeatedly) + palm facing up, moving upward (once)",Dynamic,2,Listen + palm down,"One hand, index finger pointing at the ear (repeatedly) + palm facing down, moving downward (once)",Dynamic,1,Uncover mouth,"One hand, open palm touching mouth, moving away from mouth, turning leftward (once)",Dynamic,1,Hand release,"One hand, palm closed, facing leftward, opening fingers outward (once)",Static,1,Block face,"Two hands, palms facing inward, in front of face (once)",Dynamic,1,Open curtains,"Two hands, palms facing inward, moving away from each other, in front of face (once)",Static,1,Index up,"One hand, index finger extended upward (stationary)",Dynamic,1,Hand grab,"One hand, palm facing leftward, closing fist inward (once)",Female,Brazil,IT,Portuguese,,Beginner,Regular user,2,False,True,False,False,False,False,False,False,True,False,False,False,False
TC24294,Dynamic,1,Palm up,"One hand, palm facing downward, fingers slightly bent up, moving upward (once)",Dynamic,1,Palm down,"One hand, raised palm facing downward, all fingers slightly bent, moving downward (once)",Static,1,Fist raise,"One hand, palm facing forward, fist closed (once)",Dynamic,1,Point mouth,"One hand, index finger extended, pointing at the mouth (repeatedly)",Static,1,Timeout,"Two hands, palms open, one hand horizontally placed over the other in vertical, forming a ""t"" shape (stationary)",Static,2,Timeout + raised hand,"Two hands, palms open, one hand horizontally placed over the other in vertical, forming a ""t"" shape (stationary) + one hand, palm open, facing forward, raised upward (stationary)",Static,1,Index up,"One hand, index finger extended upward (stationary)",Static,1,Cross fingers,"Two hands, index fingers extended and crossing each other to form an ""x"" shape (stationary)",Female,Brazil,Business,Portuguese,,Beginner,Regular user,2,False,True,False,False,False,False,False,False,True,False,False,True,True
TC24295,Dynamic,1,Backhand up,"One hand, palm facing down, fingers slightly bent down, moving upward (once)",Dynamic,1,Palm down,"One hand, palm facing down, moving downward (once)",Dynamic,1,Palm down,"One hand, palm facing down, moving up-down, in front of mouth (repeatedly)",Dynamic,1,Hand swipe,"One hand, palm facing down, sliding leftward (repeatedly)",Static,1,Timeout,"Two hands, one positioned horizontally with palm facing downward, fingers touching the open palm of the other hand (stationary)",Dynamic,1,Frame,"Two hands, thumbs and index fingers extended, forming a rectangular shape, (stationary)",Static,1,Raised hand,"One hand, palm open, facing forward, raised upward (stationary)",Static,1,Timeout,"Two hands, one positioned horizontally with palm facing downward, fingers touching the open palm of the other hand (stationary)",Female,Brazil,Student,Portuguese,English,Intermediate,Regular user,4,False,True,True,False,False,False,False,False,True,False,False,True,True
TC24296,Dynamic,1,Palm up,"One hand, palm facing up, moving upward (once)",Dynamic,2,Raised hand + palm down,"One hand, palm open, facing forward, raised upward (stationary) + palm facing down, all fingers slightly bent down, moving up-down (repeatedly)",Dynamic,1,Zip mouth,"One hand, thumb and index fingers pinching together, swiping rightward, in front of mouth (once)",Dynamic,2,Hand release + hand grab,"One hand, palm closed, facing forward, opening fingers forward (once) + palm open, forward, closing fist inward (once)",Dynamic,1,Hand grab,"One hand, palm open facing forward, closing fist forward (once)",Dynamic,1,Hand release,"One hand, palm closed, facing forward, opening fingers forward (once)",Static,1,Raised hand,"One hand, palm open, facing forward, raised upward (stationary)",Dynamic,1,Hand wave,"One hand, palm facing forward, waving left-right (once)",Female,Brazil,Administration,Portuguese,,Beginner,Regular user,3,False,True,False,False,False,False,False,False,True,False,False,True,True
TC24297,Dynamic,1,Backhand up,"One hand, palm facing down, fingers slightly bent down, moving upward (once)",Dynamic,1,Palm down,"One hand, palm facing down, moving downward (once)",Dynamic,1,Hand cut,"One hand, palm open, facing down, moving leftward in a cutting movement (once)",Dynamic,1,Hand cut,"One hand, palm open, facing down, moving rightward in a cutting movement (once)",Dynamic,1,Clap hands,"Two hands, palms open and facing each other, moving towards each other, clapping (once)",Dynamic,1,Clap hands,"Two hands, palms open and facing each other, moving towards each other, clapping (once)",Static,1,Raised hand,"One hand, palm open, facing forward, raised upward (stationary)",Dynamic,1,Hand grab,"One hand, palm facing forward, closing fist inward (once)",Female,Brazil,Arts,Portuguese,Italian,Intermediate,Regular user,4,False,True,True,False,False,False,False,False,True,False,False,True,True
TC24298,Dynamic,1,Palm up,"One hand, palm facing up, moving upward (once)",Dynamic,1,Palm down,"One hand, palm facing down, moving downward (once)",Dynamic,1,Hand grab,"One hand, palm facing forward, closing fist inward (once)",Dynamic,1,Hand release,"One hand, palm closed, facing forward, opening fingers forward (once)",Dynamic,1,Block view,"One hand, arm outstretched, open palm facing forward, moving forward (once)",Dynamic,1,Hand grab,"One hand, palm facing forward, closing fist inward (once)",Static,1,Index up,"One hand, index finger extended upward (stationary)",Dynamic,1,Thumbs up,"Two hands, thumbs extended upward (stationary)",Male,Brazil,IT,Portuguese,,Beginner,Regular user,2,False,True,False,False,True,False,False,False,True,False,False,False,True
TC24299,Dynamic,1,Palm up,"One hand, palm facing up, moving upward (once)",Dynamic,1,Palm down,"One hand, palm facing down, moving downward (once)",Static,1,Timeout,"Two hands, palms open, one hand horizontally placed over the other in vertical, forming a ""t"" shape (stationary)",Static,2,Listen + point mouth,"One hand, index and middle fingers point near ear (stationary) + one hand, index and middle fingers extended, pointing at the mouth (stationary)",Dynamic,1,Close curtains,"Two hands, palms facing inwards, moving towards each other, in front (once)",Dynamic,1,Open curtains,"Two hands, palms facing inward, moving away from each other, in front (once)",Static,1,Index up,"One hand, index finger extended upward (stationary)",Dynamic,1,Palm slap,"Two hands, one open palm facing upward and stationary, while the other hand’s palm slaps downward horizontally onto the open palm (once)",Female,Brazil,Commerce,Portuguese,English,Advanced,Software developer,5,False,True,True,False,True,False,False,False,True,False,False,True,True
TC24300,Dynamic,1,Snap finger,"One hand, thumb and middle fingers flicking together, produce a snapping sound (once)",Dynamic,1,Pinch hold,"One hand, thumb and index fingers slowly brought close together as if holding a small object (once)",Static,1,Raised hand,"One hand, palm open, facing forward, raised upward (stationary)",Dynamic,1,Hand grab,"One hand, palm open facing forward, closing fist inward (once)",Static,1,Raised hand,"One hand, palm open, facing down, fingers pointing leftward (stationary)",Static,1,"""v"" sign","One hand, index and middle fingers extended and separated in a ""v"" shape, facing outward (stationary)",Static,1,Raised hand,"One hand, three fingers raised upward, facing forward (stationary)",Static,1,Raised hand,"One hand, all fingers raised upward, facing forward (stationary)",Female,Brazil,,Portuguese,,Beginner,Regular user,3,False,True,False,False,False,False,False,False,True,False,False,True,True
TC24302,Dynamic,1,Palm up,"One hand, palm facing up, moving up-down (repeatedly)",Dynamic,1,Palm down,"One hand, palm facing down, moving up-down (repeatedly)",Static,1,Silence cue,"One hand, index finger placed on lips (stationary)",Dynamic,1,Hand release,"One hand, palm closed, facing leftward, opening fingers forward, in front of mouth (once)",Dynamic,1,Hand grab,"One hand, palm open facing leftward, closing fist forward, in front of mouth (once)",Dynamic,1,Hand release,"Pone hand, alm closed, facing leftward, opening fingers forward (once)",Static,1,Index up,"One hand, index finger extended upward (stationary)",Dynamic,1,Spread hands,"Two hands, open palms facing down, crossing each other, spreading to the sides (repeatedly)",Male,Brazil,Engineering,Portuguese,,Advanced,Regular user,3,False,True,False,False,True,False,False,False,True,False,False,False,True
TC24303,Dynamic,2,Listen + index up,"One hand, index finger pointing at the ear (repeatedly) + index finger extended, pointing upward, moving upward (once)",Dynamic,2,Listen + index down,"One hand, index finger pointing at the ear (repeatedly) + index finger, pointing down, moving downward (once)",Dynamic,1,Hand grab,"One hand, palm facing forward, closing fist inward (once)",Static,1,Raised hand,"One hand, palm open, facing forward, raised upward (stationary)",Dynamic,1,Hand grab,"One hand, palm facing forward, closing fist inward (repeatedly)",Dynamic,1,Hand wave,"One hand, palm facing forward, waving left-right (repeatedly)",Static,1,Index up,"One hand, index finger extended upward (stationary)",Dynamic,1,Spread hands,"Two hands, open palms facing down, crossing each other, spreading to the sides (once)",Female,Brazil,Professor,Portuguese,,Intermediate,Advanced user,5,False,True,True,True,True,False,False,False,True,False,False,False,True
TC24304,Dynamic,1,Swipe up,"One hand, palm open facing leftward, fingers extended forward, moving upward (once)",Dynamic,1,Swipe down,"One hand, palm open facing right, fingers extended to the right, moving downward (once)",Dynamic,1,Point camera,"One hand, index and middle fingers extended, pointing forward (once)",Dynamic,1,Point camera,"One hand, index and middle fingers extended, pointing forward (once)",Dynamic,1,Point camera,"One hand, index and middle fingers extended, pointing forward (once)",Dynamic,1,Point camera,"One hand, index and middle fingers extended, pointing forward (once)",Static,1,Index up,"One hand, index finger extended upward (stationary)",Dynamic,1,Hand cut,"One hand, palm open, facing downward, moving rightward in a cutting movement (once)",Male,Brazil,Education,Portuguese,,Intermediate,Regular user,3,False,True,True,False,True,False,False,False,False,False,False,False,False
TC24305,Dynamic,1,Backhand up,"One hand, palm facing down, moving upward (once)",Dynamic,1,Hand swipe,"One hand, palm facing forward, moving up-down (repeatedly)",Dynamic,1,Point camera,"One hand, palm facing forward, index finger extended, pointing forward (once)",Dynamic,1,Point camera,"One hand, palm facing forward, index finger extended, pointing forward (once)",Dynamic,1,Raised hand,"One hand, palm facing forward, moving upward (once)",Dynamic,1,Raised hand,"One hand, palm facing forward, moving forward (repeatedly)",Static,1,Raised hand,"One hand, palm open, facing forward, raised upward (stationary)",Dynamic,1,Hand swipe,"One hand, palm open, facing forward, swiping rightward (once)",Male,Brazil,Business,Portuguese,English,Intermediate,Advanced user,7,True,True,True,False,True,False,False,False,True,False,True,True,False
