id_video,c1_nature,c2_nature,c3_nature,c4_nature,c5_nature,c6_nature,c7_nature,c8_nature
TC24201,Iconic,Iconic,Symbolic,Symbolic,Metaphoric,Iconic,Symbolic,Pantomimic
TC24202,Deictic,Deictic,Symbolic,Deictic,Deictic,Deictic,Symbolic,Pantomimic
TC24203,Symbolic,Symbolic,Iconic,Metaphoric,Iconic,Pantomimic,Symbolic,Metaphoric
TC24204,Iconic,Iconic,Iconic,Symbolic,Symbolic,Iconic,Symbolic,Metaphoric
TC24205,Iconic,Iconic,Symbolic,Deictic,Iconic,Symbolic,Symbolic,Symbolic
TC24206,Deictic,Deictic,Symbolic,Symbolic,Iconic,Iconic,Symbolic,Symbolic
TC24207,Pantomimic,Iconic,Iconic,Iconic,Pantomimic,Pantomimic,Symbolic,Pantomimic
TC24208,Iconic,Iconic,Symbolic,Metaphoric,Metaphoric,Pantomimic,Symbolic,Symbolic
TC24209,Iconic,Iconic,Symbolic,Metaphoric,Iconic,Iconic,Deictic,Metaphoric
TC24210,Iconic,Iconic,Iconic,Iconic,Iconic,Symbolic,Deictic,Iconic
TC24211,Iconic,Symbolic,Symbolic,Symbolic,Pantomimic,Symbolic,Deictic,Symbolic
TC24212,Symbolic,Iconic,Deictic,Deictic,Deictic,Deictic,Deictic,Symbolic
TC24213,Iconic,Iconic,Symbolic,Symbolic,Symbolic,Symbolic,Deictic,Symbolic
TC24214,Iconic,Iconic,Symbolic,Iconic,Iconic,Iconic,Symbolic,Pantomimic
TC24215,Iconic,Iconic,Iconic,Iconic,Iconic,Deictic,Symbolic,Iconic
TC24216,Symbolic,Iconic,Symbolic,Symbolic,Symbolic,Deictic,Symbolic,Iconic
TC24217,Pantomimic,Iconic,Symbolic,Symbolic,Symbolic,Symbolic,Deictic,Iconic
TC24218,Deictic,Deictic,Deictic,Deictic,Deictic,Deictic,Symbolic,Deictic
TC24219,Symbolic,Symbolic,Metaphoric,Deictic,Symbolic,Symbolic,Symbolic,Iconic
TC24220,Iconic,Iconic,Metaphoric,Metaphoric,Symbolic,Pantomimic,Symbolic,Pantomimic
TC24221,Iconic,Iconic,Pantomimic,Iconic,Pantomimic,Pantomimic,Symbolic,Symbolic
TC24222,Deictic,Deictic,Iconic,Iconic,Iconic,Iconic,Deictic,Deictic
TC24223,Iconic,Iconic,Iconic,Symbolic,Symbolic,Pantomimic,Symbolic,Iconic
TC24224,Iconic,Iconic,Iconic,Iconic,Iconic,Iconic,Deictic,Iconic
TC24225,Iconic,Iconic,Pantomimic,Iconic,Pantomimic,Pantomimic,Deictic,Pantomimic
TC24226,Pantomimic,Pantomimic,Pantomimic,Pantomimic,Symbolic,Iconic,Iconic,Symbolic
TC24227,Symbolic,Iconic,Symbolic,Metaphoric,Pantomimic,Metaphoric,Symbolic,Iconic
TC24228,Iconic,Iconic,Symbolic,Iconic,Pantomimic,Deictic,Deictic,Pantomimic
TC24229,Iconic,Iconic,Symbolic,Iconic,Iconic,Iconic,Symbolic,Symbolic
TC24230,Iconic,Iconic,Iconic,Iconic,Pantomimic,Pantomimic,Deictic,Metaphoric
TC24231,Iconic,Iconic,Symbolic,Symbolic,Iconic,Iconic,Symbolic,Symbolic
TC24232,Iconic,Iconic,Iconic,Symbolic,Metaphoric,Symbolic,Symbolic,Metaphoric
TC24233,Deictic,Metaphoric,Iconic,Iconic,Pantomimic,Iconic,Symbolic,Iconic
TC24234,Iconic,Iconic,Iconic,Iconic,Symbolic,Symbolic,Iconic,Iconic
TC24235,Pantomimic,Symbolic,Iconic,Iconic,Symbolic,Symbolic,Symbolic,Symbolic
TC24236,Iconic,Iconic,Symbolic,Iconic,Deictic,Deictic,Symbolic,Deictic
TC24237,Iconic,Iconic,Symbolic,Symbolic,Iconic,Iconic,Deictic,Symbolic
TC24238,Pantomimic,Pantomimic,Pantomimic,Pantomimic,Pantomimic,Pantomimic,Deictic,Iconic
TC24239,Deictic,Deictic,Symbolic,Symbolic,Pantomimic,Symbolic,Deictic,Symbolic
TC24240,Iconic,Iconic,Symbolic,Metaphoric,Metaphoric,Pantomimic,Deictic,Iconic
TC24241,Iconic,Iconic,Iconic,Iconic,Iconic,Iconic,Deictic,Symbolic
TC24242,Iconic,Iconic,Symbolic,Symbolic,Pantomimic,Deictic,Symbolic,Iconic
TC24243,Symbolic,Symbolic,Metaphoric,Symbolic,Pantomimic,Pantomimic,Symbolic,Symbolic
TC24244,Iconic,Iconic,Iconic,Iconic,Pantomimic,Pantomimic,Deictic,Metaphoric
TC24245,Iconic,Iconic,Symbolic,Deictic,Metaphoric,Iconic,Deictic,Symbolic
TC24246,Iconic,Deictic,Iconic,Iconic,Metaphoric,Iconic,Deictic,Symbolic
TC24247,Iconic,Iconic,Symbolic,Symbolic,Pantomimic,Iconic,Symbolic,Iconic
TC24248,Iconic,Iconic,Iconic,Deictic,Iconic,Iconic,Symbolic,Deictic
TC24249,Iconic,Iconic,Symbolic,Symbolic,Pantomimic,Deictic,Symbolic,Symbolic
TC24250,Iconic,Iconic,Pantomimic,Symbolic,Pantomimic,Iconic,Symbolic,Symbolic
TC24251,Pantomimic,Pantomimic,Symbolic,Iconic,Symbolic,Symbolic,Deictic,Symbolic
TC24252,Iconic,Iconic,Symbolic,Symbolic,Iconic,Iconic,Deictic,Symbolic
TC24253,Iconic,Iconic,Iconic,Iconic,Deictic,Deictic,Deictic,Pantomimic
TC24254,Iconic,Iconic,Deictic,Deictic,Deictic,Iconic,Deictic,Iconic
TC24255,Iconic,Iconic,Iconic,Iconic,Symbolic,Symbolic,Iconic,Symbolic
TC24256,Pantomimic,Pantomimic,Symbolic,Iconic,Symbolic,Symbolic,Symbolic,Symbolic
TC24257,Iconic,Iconic,Iconic,Iconic,Iconic,Iconic,Symbolic,Iconic
TC24258,Iconic,Iconic,Pantomimic,Iconic,Deictic,Deictic,Symbolic,Iconic
TC24259,Iconic,Symbolic,Iconic,Iconic,Pantomimic,Pantomimic,Symbolic,Iconic
TC24260,Iconic,Iconic,Iconic,Iconic,Iconic,Symbolic,Deictic,Iconic
TC24261,Symbolic,Iconic,Symbolic,Pantomimic,Iconic,Iconic,Deictic,Pantomimic
TC24262,Iconic,Iconic,Iconic,Iconic,Iconic,Iconic,Deictic,Symbolic
TC24263,Deictic,Deictic,Iconic,Iconic,Iconic,Iconic,Deictic,Pantomimic
TC24264,Pantomimic,Pantomimic,Iconic,Iconic,Symbolic,Metaphoric,Symbolic,Deictic
TC24265,Iconic,Iconic,Iconic,Iconic,Symbolic,Symbolic,Symbolic,Iconic
TC24266,Iconic,Iconic,Iconic,Iconic,Iconic,Symbolic,Deictic,Symbolic
TC24267,Iconic,Iconic,Pantomimic,Metaphoric,Iconic,Iconic,Symbolic,Symbolic
TC24268,Iconic,Iconic,Iconic,Symbolic,Symbolic,Symbolic,Symbolic,Symbolic
TC24269,Iconic,Iconic,Symbolic,Pantomimic,Pantomimic,Pantomimic,Symbolic,Iconic
TC24270,Pantomimic,Iconic,Symbolic,Pantomimic,Symbolic,Pantomimic,Deictic,Symbolic
TC24271,Deictic,Deictic,Symbolic,Symbolic,Symbolic,Symbolic,Symbolic,Iconic
TC24272,Iconic,Iconic,Metaphoric,Metaphoric,Iconic,Symbolic,Symbolic,Symbolic
TC24273,Iconic,Pantomimic,Iconic,Iconic,Iconic,Iconic,Symbolic,Iconic
TC24274,Iconic,Iconic,Iconic,Iconic,Symbolic,Pantomimic,Symbolic,Iconic
TC24275,Iconic,Iconic,Iconic,Iconic,Symbolic,Symbolic,Deictic,Metaphoric
TC24276,Iconic,Iconic,Iconic,Iconic,Symbolic,Symbolic,Symbolic,Symbolic
TC24277,Deictic,Deictic,Symbolic,Iconic,Iconic,Pantomimic,Symbolic,Iconic
TC24278,Deictic,Deictic,Iconic,Symbolic,Iconic,Symbolic,Symbolic,Symbolic
TC24279,Iconic,Iconic,Iconic,Iconic,Pantomimic,Iconic,Deictic,Symbolic
TC24280,Iconic,Iconic,Iconic,Deictic,Pantomimic,Iconic,Iconic,Iconic
TC24281,Iconic,Iconic,Iconic,Iconic,Symbolic,Iconic,Deictic,Symbolic
TC24282,Iconic,Pantomimic,Deictic,Deictic,Symbolic,Iconic,Symbolic,Iconic
TC24283,Iconic,Iconic,Iconic,Symbolic,Symbolic,Iconic,Symbolic,Symbolic
TC24284,Pantomimic,Pantomimic,Iconic,Iconic,Pantomimic,Pantomimic,Symbolic,Symbolic
TC24285,Symbolic,Symbolic,Iconic,Metaphoric,Deictic,Iconic,Deictic,Symbolic
TC24286,Deictic,Deictic,Symbolic,Deictic,Deictic,Deictic,Metaphoric,Symbolic
TC24287,Iconic,Iconic,Pantomimic,Deictic,Pantomimic,Iconic,Deictic,Iconic
TC24289,Iconic,Iconic,Iconic,Iconic,Iconic,Iconic,Symbolic,Symbolic
TC24290,Iconic,Iconic,Metaphoric,Iconic,Iconic,Deictic,Symbolic,Symbolic
TC24291,Iconic,Iconic,Iconic,Iconic,Deictic,Deictic,Symbolic,Deictic
TC24292,Iconic,Iconic,Symbolic,Metaphoric,Iconic,Iconic,Deictic,Symbolic
TC24293,Symbolic,Symbolic,Pantomimic,Iconic,Metaphoric,Pantomimic,Deictic,Iconic
TC24294,Iconic,Iconic,Symbolic,Deictic,Symbolic,Symbolic,Deictic,Symbolic
TC24295,Iconic,Iconic,Iconic,Iconic,Symbolic,Iconic,Symbolic,Symbolic
TC24296,Iconic,Symbolic,Metaphoric,Iconic,Iconic,Iconic,Symbolic,Symbolic
TC24297,Iconic,Iconic,Pantomimic,Iconic,Symbolic,Symbolic,Symbolic,Iconic
TC24298,Iconic,Iconic,Iconic,Iconic,Deictic,Iconic,Deictic,Symbolic
TC24299,Iconic,Iconic,Symbolic,Symbolic,Pantomimic,Pantomimic,Deictic,Pantomimic
TC24300,Symbolic,Iconic,Symbolic,Iconic,Symbolic,Symbolic,Symbolic,Symbolic
TC24302,Iconic,Iconic,Symbolic,Iconic,Iconic,Iconic,Deictic,Iconic
TC24303,Symbolic,Symbolic,Iconic,Symbolic,Iconic,Symbolic,Deictic,Iconic
TC24304,Iconic,Iconic,Deictic,Deictic,Deictic,Deictic,Deictic,Iconic
TC24305,Iconic,Iconic,Deictic,Deictic,Symbolic,Symbolic,Symbolic,Iconic
